nama_sekolah ,kecamatan,kota_adminstrasi,jumlah_siswa,jumlah_guru,latitude,longitude
SDN Cakung Timur 04 Pg.,Cakung,Jakarta Timur,379,16,-6.172209,106.949837
SDN Cakung Timur 03 Pg.,Cakung,Jakarta Timur,396,18,-6.1725,106.949402
SDN Cakung Barat 08 Pg.,Cakung,Jakarta Timur,604,27,-6.172672,106.934906
SDN Cakung Barat 04 Pg.,Cakung,Jakarta Timur,630,27,-6.174624,106.939072
SDN Cakung Barat 05 Pg.,Cakung,Jakarta Timur,462,22,-6.178544,106.933456
SDN Cakung Timur 06 Pg.,Cakung,Jakarta Timur,825,28,-6.1797,106.947998
SDN Cakung Barat 02,Cakung,Jakarta Timur,687,30,-6.1805,106.938797
SDN Ujung Menteng 02,Cakung,Jakarta Timur,458,23,-6.183091,106.960663
SDN Ujung Menteng 07 Pg.,Cakung,Jakarta Timur,374,14,-6.184075,106.963066
SDN Ujung Menteng 04 Pg.,Cakung,Jakarta Timur,381,19,-6.184091,106.963028
SDN Ujung Menteng 01 Pg.,Cakung,Jakarta Timur,365,15,-6.184853,106.961769
SDN Pulogebang 11 Pg.,Cakung,Jakarta Timur,819,31,-6.1849,106.944901
SDN Rawaterate 01 Pg.,Cakung,Jakarta Timur,381,14,-6.188258,106.92321
SDN Rawaterate 02 Pt.,Cakung,Jakarta Timur,337,15,-6.188546,106.923264
SDN Pulogebang 24 Pg.,Cakung,Jakarta Timur,448,18,-6.194948,106.965431
SDN Jatinegara 06 Pg.,Cakung,Jakarta Timur,1226,42,-6.1958,106.926399
SDN Penggilingan 01 Pg.,Cakung,Jakarta Timur,564,26,-6.1963,106.935501
SDN Pulogebang 13 Pg.,Cakung,Jakarta Timur,792,31,-6.1968,106.962601
SDN Jatinegara 01 Pg.,Cakung,Jakarta Timur,742,29,-6.19681,106.920898
SDN Penggilingan 09 Pg.,Cakung,Jakarta Timur,341,13,-6.202888,106.931747
SDN Pulogebang 02 Pg.,Cakung,Jakarta Timur,795,32,-6.203424,106.953117
SDN Pulogebang 01 Pg.,Cakung,Jakarta Timur,768,28,-6.2037,106.955498
SDN Pulogebang 06 Pg.,Cakung,Jakarta Timur,568,21,-6.204672,106.942169
SDN Penggilingan 08 Pt.,Cakung,Jakarta Timur,341,15,-6.20543,106.930168
SDN Jatinegara 15 Pg.,Cakung,Jakarta Timur,480,18,-6.206828,106.92643
SDN Pulogebang 04 Pg.,Cakung,Jakarta Timur,676,33,-6.211581,106.962311
SDN Jatinegara 08 Pg.,Cakung,Jakarta Timur,569,23,-6.213453,106.9217
SDN Cakung Barat 01 Pg.,Cakung,Jakarta Timur,591,28,-6.2708,107.193298
SDN Cempaka Putih Barat 03 Pg,Cempaka Putih,Jakarta Timur,585,21,-6.174365,106.858208
SDN Cempaka Putih Barat 01 Pg,Cempaka Putih,Jakarta Pusat,545,20,-6.17602,106.861092
SDN Cempaka Putih Barat 17 Pg.,Cempaka Putih,Jakarta Pusat,527,26,-6.1796,106.866402
SDN Cempaka Putih Barat 19 Pg.,Cempaka Putih,Jakarta Pusat,538,25,-6.180252,106.864365
SDN Cempaka Putih Barat 15 Pg.,Cempaka Putih,Jakarta Pusat,444,22,-6.180982,106.864746
SDN Cempaka Putih Timur 01 Pg.,Cempaka Putih,Jakarta Pusat,491,23,-6.182415,106.871986
SDN Cempaka Putih Timur 03 Pg.,Cempaka Putih,Jakarta Pusat,391,18,-6.182975,106.870033
SDN Cempaka Putih Barat 05 Pg.,Cempaka Putih,Jakarta Pusat,243,11,-6.184599,106.866722
SDN Cempaka Putih Barat 07 Pg.,Cempaka Putih,Jakarta Pusat,391,17,-6.187071,106.86528
SDN Rawasari 05 Pg.,Cempaka Putih,Jakarta Pusat,244,17,-6.190355,106.870811
SDN Rawasari 01 Pg.,Cempaka Putih,Jakarta Timur,214,17,-6.191119,106.864426
SDN Rawasari 02 Pg.,Cempaka Putih,Jakarta Timur,270,23,-6.191119,106.864426
SDN Rawasari 03 Pg.,Cempaka Putih,Jakarta Timur,235,11,-6.191429,106.865463
SDN Cengkareng Timur 21 Pg.,Cengkareng,Jakarta Barat,287,17,-6.124175,106.731239
SDN Kapuk 16 Pg.,Cengkareng,Jakarta Barat,443,17,-6.126,106.795403
SDN Cengkareng Barat 15 Pg.,Cengkareng,Jakarta Barat,374,14,-6.128624,106.723946
SDN Cengkareng Barat 14 Pg.,Cengkareng,Jakarta Barat,373,15,-6.128798,106.723976
SDN Kapuk 12 Pt.,Cengkareng,Jakarta Barat,392,16,-6.129209,106.742905
SDN Kapuk 08 Pt.,Cengkareng,Jakarta Barat,403,17,-6.12921,106.742912
SDN Cengkareng Barat 13 Pg.,Cengkareng,Jakarta Barat,373,18,-6.129237,106.722992
SDN Kapuk 01 Pg.,Cengkareng,Jakarta Barat,370,17,-6.129249,106.742867
SDN Kapuk 04 Pt.,Cengkareng,Jakarta Barat,380,13,-6.129255,106.742859
SDN Kapuk 03 Pg.,Cengkareng,Jakarta Barat,420,15,-6.129812,106.742249
SDN Cengkareng Barat 17 Pt.,Cengkareng,Jakarta Barat,273,13,-6.130608,106.726921
SDN Cengkareng Barat 16 Pg.,Cengkareng,Jakarta Barat,399,15,-6.130761,106.727356
SDN Kapuk 15 Pg.,Cengkareng,Jakarta Barat,715,22,-6.13084,106.741577
SDN Kapuk 05 Pg.,Cengkareng,Jakarta Barat,346,12,-6.138449,106.762711
SDN Cengkareng Barat 10 Pg.,Cengkareng,Jakarta Barat,396,16,-6.1395,106.719498
SDN Cengkareng Barat 09 Pg.,Cengkareng,Jakarta Barat,127,13,-6.139552,106.719505
SDN Cengkareng Barat 19 Pg.,Cengkareng,Jakarta Barat,327,14,-6.141465,106.725822
SDN Kapuk 14 Pg.,Cengkareng,Jakarta Barat,308,12,-6.143112,106.768555
SDN Kedaung Kali Angke 14,Cengkareng,Jakarta Barat,585,24,-6.143308,106.750816
SDN Cengkareng Barat 11 Pg.,Cengkareng,Jakarta Utara,470,24,-6.1441,106.720001
SDN Kapuk 06 Pg.,Cengkareng,Jakarta Utara,433,15,-6.144143,106.747398
SDN Kapuk 02 Pg.,Cengkareng,Jakarta Utara,439,17,-6.144179,106.747391
SDN Kapuk 07 Pt.,Cengkareng,Jakarta Utara,391,14,-6.144181,106.748077
SDN Cengkareng Timur 09 Pg.,Cengkareng,Jakarta Barat,313,16,-6.14457,106.731415
SDN Cengkareng Timur 20 Pt.,Cengkareng,Jakarta Barat,214,10,-6.1446,106.7314
SDN Cengkareng Timur 07 Pg.,Cengkareng,Jakarta Barat,320,15,-6.14493,106.731667
SDN Kapuk 10 Pt.,Cengkareng,Jakarta Barat,455,18,-6.14502,106.747345
SDN Cengkareng Timur 13 Pt.,Cengkareng,Jakarta Barat,240,12,-6.1468,106.731796
SDN Cengkareng Timur 10 Pg.,Cengkareng,Jakarta Barat,353,17,-6.146807,106.733185
SDN Cengkareng Timur 11 Pt.,Cengkareng,Jakarta Barat,271,11,-6.146807,106.733185
SDN Cengkareng Timur 12 Pg.,Cengkareng,Jakarta Barat,271,13,-6.146807,106.733185
SDN Cengkareng Timur 17 Pg.,Cengkareng,Jakarta Barat,331,14,-6.147231,106.740501
SDN Cengkareng Timur 18 Pg.,Cengkareng,Jakarta Barat,323,15,-6.147231,106.740501
SDN Cengkareng Timur 19 Pt.,Cengkareng,Jakarta Barat,350,13,-6.147231,106.740501
SDN Kapuk 09 Pg.,Cengkareng,Jakarta Barat,496,18,-6.147787,106.742836
SDN Cengkareng Timur 05 Pg.,Cengkareng,Jakarta Barat,522,22,-6.14944,106.728127
SDN Cengkareng Barat 01 Pg.,Cengkareng,Jakarta Barat,277,12,-6.149492,106.726509
SDN Cengkareng Barat 05 Pg.,Cengkareng,Jakarta Barat,286,15,-6.150086,106.724365
SDN Cengkareng Barat 04 Pg.,Cengkareng,Jakarta Barat,249,8,-6.150134,106.723846
SDN Cengkareng Barat 03 Pg.,Cengkareng,Jakarta Barat,372,18,-6.150151,106.723846
SDN Cengkareng Barat 02 Pt.,Cengkareng,Jakarta Barat,214,9,-6.150191,106.723396
SDN Cengkareng Barat 06 Pt.,Cengkareng,Jakarta Barat,180,12,-6.150247,106.723679
SDN Cengkareng Barat 12 Pg.,Cengkareng,Jakarta Barat,211,11,-6.150321,106.723419
SDN Cengkareng Timur 03 Pg.,Cengkareng,Jakarta Barat,316,14,-6.150586,106.731667
SDN Cengkareng Timur 04 Pt.,Cengkareng,Jakarta Barat,250,11,-6.150586,106.731667
SDN Cengkareng Timur 22 Pt.,Cengkareng,Jakarta Barat,290,16,-6.15152,106.735008
SDN Cengkareng Timur 16 Pt.,Cengkareng,Jakarta Barat,288,12,-6.151542,106.740196
SDN Kedaung Kali Angke 05 Pg,Cengkareng,Jakarta Barat,318,11,-6.152,106.760002
SDN Kedaung Kali Angke 01 Pg.,Cengkareng,Jakarta Barat,298,11,-6.152073,106.770432
SDN Kedaung Kali Angke 07 Pt.,Cengkareng,Jakarta Barat,245,9,-6.152074,106.770432
SDN Kapuk 13 Pt.,Cengkareng,Jakarta Barat,266,11,-6.152197,106.747505
SDN Kapuk 11 Pg.,Cengkareng,Jakarta Barat,341,15,-6.1524,106.747902
SDN Cengkareng Barat 07 Pg.,Cengkareng,Jakarta Barat,301,19,-6.15245,106.724731
SDN Cengkareng Timur 14 Pg.,Cengkareng,Jakarta Barat,330,16,-6.152535,106.739906
SDN Cengkareng Timur 15 Pg.,Cengkareng,Jakarta Barat,326,16,-6.152535,106.739906
SDN Kedaung Kali Angke 11 Pg.,Cengkareng,Jakarta Barat,274,12,-6.152611,106.759415
SDN Kedaung Kali Angke 10,Cengkareng,Jakarta Barat,374,16,-6.152909,106.759323
SDN Kedaung Kali Angke 09 Pt.,Cengkareng,Jakarta Barat,141,9,-6.154,106.762001
SDN Kedaung Kali Angke 12 Pg.,Cengkareng,Jakarta Barat,188,10,-6.154,106.762001
SDN Kedaung Kali Angke 06,Cengkareng,Jakarta Barat,425,17,-6.154059,106.759048
SDN Cengkareng Timur 01 Pg.,Cengkareng,Jakarta Barat,509,24,-6.154294,106.733124
SDN Cengkareng Barat 08 Pt.,Cengkareng,Jakarta Barat,233,10,-6.15448,106.727562
SDN Kedaung Kali Angke 03 Pg.,Cengkareng,Jakarta Barat,301,12,-6.154489,106.762192
SDN Kedaung Kali Angke 13 Pg.,Cengkareng,Jakarta Barat,268,12,-6.154489,106.762192
SDN Kedaung Kali Angke 08 Pg.,Cengkareng,Jakarta Barat,241,12,-6.154587,106.762459
SDN Rawa Buaya 10 Pt.,Cengkareng,Jakarta Barat,371,17,-6.16082,106.744072
SDN Rawa Buaya 09 Pg.,Cengkareng,Jakarta Barat,429,16,-6.161142,106.744278
SDN Rawa Buaya 07 Pg.,Cengkareng,Jakarta Barat,374,17,-6.164821,106.732964
SDN Rawa Buaya 02 Pg.,Cengkareng,Jakarta Barat,305,19,-6.165129,106.728157
SDN Rawa Buaya 03 Pg.,Cengkareng,Jakarta Barat,334,18,-6.165129,106.728157
SDN Rawa Buaya 05 Pt.,Cengkareng,Jakarta Barat,300,16,-6.165129,106.728157
SDN Cengkareng Barat 20 Pt.,Cengkareng,Jakarta Barat,306,14,-6.165388,106.711456
SDN Duri Kosambi 10 Pg.,Cengkareng,Jakarta Barat,312,18,-6.165749,106.725021
SDN Duri Kosambi 11 Pg.,Cengkareng,Jakarta Barat,297,15,-6.165794,106.725159
SDN Duri Kosambi 09 Pg.,Cengkareng,Jakarta Barat,321,16,-6.16602,106.724991
SDN Rawa Buaya 01 Pg.,Cengkareng,Jakarta Barat,288,14,-6.166259,106.735924
SDN Rawa Buaya 04 Pt.,Cengkareng,Jakarta Barat,314,16,-6.16626,106.735924
SDN Rawa Buaya 08 Pg.,Cengkareng,Jakarta Barat,411,15,-6.168379,106.733101
SDN Duri Kosambi 02 Pg.,Cengkareng,Jakarta Barat,336,14,-6.1702,106.723198
SDN Duri Kosambi 05 Pt.,Cengkareng,Jakarta Barat,379,17,-6.173025,106.721619
SDN Duri Kosambi 01,Cengkareng,Jakarta Barat,536,22,-6.1764,106.720497
SDN Duri Kosambi 06 Pg.,Cengkareng,Jakarta Barat,602,25,-6.176613,106.723267
SDN Duri Kosambi 07 Pg.,Cengkareng,Jakarta Barat,737,34,-6.180459,106.713501
SDN Duri Kosambi 04 Pg.,Cengkareng,Jakarta Barat,558,29,-6.182031,106.720604
SDN Cilandak Barat 03 Pg.,Cilandak,Jakarta Selatan,358,18,-6.208763,106.845596
SDN Cilandak Barat 17 Pg.,Cilandak,Jakarta Selatan,244,11,-6.248274,106.778343
SDN Gandaria Selatan 03 Pg.,Cilandak,Jakarta Selatan,333,19,-6.266067,106.79113
SDN Cipete Selatan 05 Pg.,Cilandak,Jakarta Selatan,409,15,-6.270368,106.805191
SDN Cipete Selatan 01 Pg.,Cilandak,Jakarta Selatan,378,14,-6.27231,106.801559
SDN Cipete Selatan 03,Cilandak,Jakarta Selatan,555,25,-6.275807,106.805267
SDN Gandaria Selatan 01 Pg.,Cilandak,Jakarta Selatan,470,21,-6.278369,106.79628
SDN Cilandak Barat 06 Pg.,Cilandak,Jakarta Selatan,173,11,-6.284671,106.798759
SDN Cilandak Barat 01 Pg.,Cilandak,Jakarta Selatan,178,9,-6.284753,106.798691
SDN Cilandak Barat 07 Pg.,Cilandak,Jakarta Selatan,407,20,-6.286089,106.793053
SDN Cilandak Barat 04 Pg.,Cilandak,Jakarta Selatan,306,15,-6.287362,106.79303
SDN Cilandak Barat 15 Pg.,Cilandak,Jakarta Selatan,179,12,-6.288442,106.806564
SDN Cilandak Barat 19 Pg.,Cilandak,Jakarta Selatan,68,1,-6.295058,106.804321
SDN Cilandak Barat 12 Pg.,Cilandak,Jakarta Selatan,309,12,-6.298809,106.803055
SDN Cilandak Barat 13 Pg.,Cilandak,Jakarta Selatan,286,10,-6.298859,106.803223
SDN Cilandak Barat 08 Pg.,Cilandak,Jakarta Selatan,439,21,-6.302363,106.800041
SDN Lebak Bulus 02 Pg.,Cilandak,Jakarta Selatan,288,21,-6.303801,106.778122
SDN Lebak Bulus 03 Pg.,Cilandak,Jakarta Selatan,289,15,-6.303853,106.77874
SDN Lebak Bulus 07 Pg.,Cilandak,Jakarta Selatan,299,12,-6.304623,106.78389
SDN Pondok Labu 14 Pg.,Cilandak,Jakarta Selatan,323,16,-6.305104,106.804726
SDN Pondok Labu 16 Pg.,Cilandak,Jakarta Selatan,243,14,-6.305736,106.793381
SDN Pondok Labu 05 Pg.,Cilandak,Jakarta Selatan,299,13,-6.306981,106.793175
SDN Pondok Labu 13 Pg.,Cilandak,Jakarta Selatan,293,18,-6.307003,106.805603
SDN Pondok Labu 01 Pg.,Cilandak,Jakarta Selatan,376,15,-6.307055,106.793381
SDN Lebak Bulus 04 Pg.,Cilandak,Jakarta Selatan,577,27,-6.307816,106.780083
SDN Pondok Labu 09 Pg.,Cilandak,Jakarta Selatan,595,25,-6.310372,106.79509
SDN Pondok Labu 03 Pg.,Cilandak,Jakarta Selatan,706,37,-6.311,106.794502
SDN Pondok Labu 12 Pg.,Cilandak,Jakarta Selatan,316,17,-6.312754,106.801949
SDN Pondok Labu 11 Pg.,Cilandak,Jakarta Selatan,384,20,-6.313819,106.802322
SDN Pondok Labu 07,Cilandak,Jakarta Selatan,721,35,-6.31481,106.782768
SDN Kali Baru 09 Pg.,Cilincing,Jakarta Utara,725,27,-6.09818,106.934036
SDN Marunda 02 Pg.,Cilincing,Jakarta Utara,1082,43,-6.098501,106.961433
SDN Kali Baru 01 Pg.,Cilincing,Jakarta Utara,542,25,-6.10021,106.931473
SDN Cilincing 06 Pg.,Cilincing,Jakarta Utara,457,17,-6.101037,106.942024
SDN Kali Baru 03 Pg.,Cilincing,Jakarta Utara,499,20,-6.10135,106.931877
SDN Cilincing 04 Pt.,Cilincing,Jakarta Utara,233,10,-6.102546,106.938179
SDN Cilincing 03 Pg.,Cilincing,Jakarta Utara,236,11,-6.102592,106.938187
SDN Cilincing 11 Pt.,Cilincing,Jakarta Utara,342,13,-6.104089,106.929558
SDN Cilincing 05 Pg.,Cilincing,Jakarta Utara,353,11,-6.104135,106.92955
SDN Kali Baru 05 Pg.,Cilincing,Jakarta Utara,505,21,-6.105555,106.92083
SDN Kali Baru 07 Pg.,Cilincing,Jakarta Utara,390,14,-6.105555,106.92083
SDN Kali Baru 08 Pt.,Cilincing,Jakarta Utara,382,14,-6.105555,106.92083
SDN Cilincing 01 Pg.,Cilincing,Jakarta Utara,315,15,-6.10612,106.939537
SDN Cilincing 09,Cilincing,Jakarta Utara,519,23,-6.107637,106.938019
SDN Cilincing 02 Pg.,Cilincing,Jakarta Utara,278,13,-6.107855,106.937134
SDN Cilincing 07 Pg.,Cilincing,Jakarta Utara,493,16,-6.10845,106.935196
SDN Semper Timur 01 Pg.,Cilincing,Jakarta Utara,291,16,-6.109261,106.932777
SDN Cilincing 08 Pg.,Cilincing,Jakarta Utara,332,14,-6.109347,106.935631
SDN Semper Timur 07 Pg.,Cilincing,Jakarta Utara,312,16,-6.111079,106.931725
SDN Semper Timur 05 Pg.,Cilincing,Jakarta Utara,376,15,-6.111989,106.930328
SDN Semper Timur 03 Pg.,Cilincing,Jakarta Utara,338,13,-6.112443,106.930702
SDN Semper Timur 02 Pt.,Cilincing,Jakarta Utara,273,11,-6.114198,106.925446
SDN Semper Barat 05 Pg.,Cilincing,Jakarta Utara,571,26,-6.115539,106.923256
SDN Semper Barat 10 Pt.,Cilincing,Jakarta Utara,306,10,-6.115945,106.921921
SDN Semper Barat 09 Pg.,Cilincing,Jakarta Utara,321,19,-6.116035,106.921867
SDN Semper Barat 15 Pg.,Cilincing,Jakarta Utara,329,16,-6.11658,106.92321
SDN Semper Timur 04 Pt.,Cilincing,Jakarta Utara,342,14,-6.12003,106.930229
SDN Semper Barat 01 Pg.,Cilincing,Jakarta Utara,333,17,-6.12174,106.924957
SDN Semper Barat 02 Pt.,Cilincing,Jakarta Utara,298,15,-6.12174,106.924957
SDN Semper Barat 03 Pg.,Cilincing,Jakarta Utara,382,18,-6.123384,106.923775
SDN Semper Barat 04 Pt.,Cilincing,Jakarta Utara,314,17,-6.123384,106.923775
SDN Marunda 03 Pg.,Cilincing,Jakarta Utara,312,15,-6.123861,106.960777
SDN Marunda 04 Pt.,Cilincing,Jakarta Utara,282,12,-6.123861,106.960777
SDN Marunda 01 Pg.,Cilincing,Jakarta Utara,352,16,-6.124503,106.959183
SDN Semper Barat 11 Pg.,Cilincing,Jakarta Utara,450,17,-6.125818,106.924515
SDN Semper Barat 12 Pt.,Cilincing,Jakarta Utara,379,17,-6.125818,106.924515
SDN Semper Barat 13 Pg.,Cilincing,Jakarta Utara,692,32,-6.13076,106.927177
SDN Semper Barat 07 Pg.,Cilincing,Jakarta Utara,401,18,-6.131689,106.921562
SDN Semper Barat 08 Pt.,Cilincing,Jakarta Utara,412,15,-6.131689,106.921562
SDN Sukapura 01 Pg.,Cilincing,Jakarta Utara,435,18,-6.143807,106.956451
SDN Sukapura 02,Cilincing,Jakarta Utara,600,27,-6.143807,106.956451
SDN Rorotan 03 Pg.,Cilincing,Jakarta Utara,356,13,-6.143993,106.956367
SDN Rorotan 05 Pg.,Cilincing,Jakarta Utara,580,27,-6.144099,106.956116
SDN Rorotan 07 Pg.,Cilincing,Jakarta Utara,343,14,-6.146351,106.955498
SDN Sukapura 06 Pt.,Cilincing,Jakarta Utara,385,17,-6.150827,106.921791
SDN Sukapura 04 Pg.,Cilincing,Jakarta Utara,325,13,-6.152618,106.926842
SDN Sukapura 05 Pg.,Cilincing,Jakarta Utara,359,17,-6.152618,106.926842
SDN Rorotan 01 Pg.,Cilincing,Jakarta Utara,590,29,-6.155382,106.965202
SDN Rorotan 02 Pg.,Cilincing,Jakarta Utara,300,13,-6.157428,106.95533
SDN Lubang Buaya 05 Pg.,Cipayung,Jakarta Timur,313,14,-6.288514,106.899788
SDN Lubang Buaya 09 Pg.,Cipayung,Jakarta Timur,463,21,-6.288958,106.903275
SDN Lubang Buaya 08 Pg.,Cipayung,Jakarta Timur,341,11,-6.290299,106.903404
SDN Lubang Buaya 13,Cipayung,Jakarta Timur,616,30,-6.290606,106.891487
SDN Lubang Buaya 01,Cipayung,Jakarta Timur,487,19,-6.291653,106.894554
SDN Lubang Buaya 12 Pg.,Cipayung,Jakarta Timur,335,15,-6.2972,106.901802
SDN Lubang Buaya 06 Pg.,Cipayung,Jakarta Timur,378,29,-6.2983,106.9104
SDN Bambu Apus 04 Pg.,Cipayung,Jakarta Timur,740,32,-6.303588,106.907616
SDN Setu 01 Pg.,Cipayung,Jakarta Timur,701,24,-6.307,106.918312
SDN Setu 02 Pg.,Cipayung,Jakarta Timur,691,27,-6.307595,106.917709
SDN Ceger 01 Pg.,Cipayung,Jakarta Timur,441,20,-6.309199,106.891411
SDN Bambu Apus 03 Pg.,Cipayung,Jakarta Timur,726,32,-6.31088,106.895859
SDN Cipayung 05 Pg.,Cipayung,Jakarta Timur,517,21,-6.322792,106.903984
SDN Cipayung 04 Pg.,Cipayung,Jakarta Timur,479,23,-6.330633,106.890717
SDN Cipayung 03 Pg.,Cipayung,Jakarta Timur,472,22,-6.334085,106.889687
SDN Cipayung 01 Pg.,Cipayung,Jakarta Timur,486,29,-6.334982,106.895096
SDN Cilangkap 01 Pg.,Cipayung,Jakarta Timur,1036,39,-6.342423,106.909645
SDN Munjul 02 Pg.,Cipayung,Jakarta Timur,413,22,-6.347193,106.899353
SDN Munjul 01 Pg.,Cipayung,Jakarta Timur,392,15,-6.347566,106.897179
SDN Cilangkap 03 Pg.,Cipayung,Jakarta Timur,416,19,-6.352947,106.903152
SDN Pondok Ranggon 02 Pg.,Cipayung,Jakarta Timur,663,27,-6.354918,106.910568
SDN Pondok Ranggon 03,Cipayung,Jakarta Timur,610,29,-6.35915,106.90802
SDN Rambutan 01 Pg.,Ciracas,Jakarta Timur,352,19,-6.295443,106.874237
SDN Rambutan 03 Pg.,Ciracas,Jakarta Timur,711,29,-6.303188,106.875076
SDN Susukan 06 Pg.,Ciracas,Jakarta Timur,210,11,-6.304632,106.870338
SDN Susukan 09 Pg.,Ciracas,Jakarta Timur,369,22,-6.305698,106.87191
SDN Rambutan 02 Pg.,Ciracas,Jakarta Timur,549,25,-6.30986,106.876442
SDN Susukan 01 Pg.,Ciracas,Jakarta Timur,62,22,-6.310665,106.865448
SDN Susukan 02 Pg.,Ciracas,Jakarta Timur,365,16,-6.310665,106.865448
SDN Susukan 05 Pg.,Ciracas,Jakarta Timur,371,13,-6.312384,106.874214
SDN Susukan 04 Pg.,Ciracas,Jakarta Timur,375,16,-6.312734,106.874031
SDN Susukan 08 Pg.,Ciracas,Jakarta Timur,404,17,-6.313044,106.874588
SDN Susukan 03 Pg.,Ciracas,Jakarta Timur,350,15,-6.3132,106.874397
SDN Rambutan 06 Pg.,Ciracas,Jakarta Timur,450,16,-6.31484,106.884331
SDN Ciracas 05 Pg.,Ciracas,Jakarta Timur,366,16,-6.31708,106.879623
SDN Ciracas 06 Pg.,Ciracas,Jakarta Timur,416,18,-6.317466,106.879601
SDN Ciracas 07 Pg.,Ciracas,Jakarta Timur,725,26,-6.318122,106.876999
SDN Ciracas 09 Pg.,Ciracas,Jakarta Timur,355,14,-6.319791,106.879936
SDN Ciracas 15 Pg.,Ciracas,Jakarta Timur,457,18,-6.32028,106.882698
SDN Ciracas 13 Pg.,Ciracas,Jakarta Timur,727,32,-6.321607,106.871239
SDN Ciracas 14 Pg.,Ciracas,Jakarta Timur,602,32,-6.321607,106.871239
SDN Ciracas 11 Pg.,Ciracas,Jakarta Timur,438,21,-6.323529,106.882996
SDN Ciracas 03 Pg.,Ciracas,Jakarta Timur,793,33,-6.32353,106.877296
SDN Rambutan 05 Pg.,Ciracas,Jakarta Timur,400,15,-6.323815,106.887894
SDN Ciracas 10,Ciracas,Jakarta Timur,677,23,-6.327165,106.877541
SDN Ciracas 01 Pg.,Ciracas,Jakarta Timur,550,25,-6.327413,106.864433
SDN Kelapa Dua Wetan 06 Pt.,Ciracas,Jakarta Timur,580,20,-6.3358,106.879204
SDN Kelapa Dua Wetan 03 Pg.,Ciracas,Jakarta Timur,526,21,-6.33749,106.878517
SDN Cibubur 11 Pg.,Ciracas,Jakarta Timur,374,17,-6.342064,106.873024
SDN Kelapa Dua Wetan 01 Pg.,Ciracas,Jakarta Timur,398,18,-6.343259,106.885979
SDN Cibubur 04 Pg.,Ciracas,Jakarta Timur,820,32,-6.344601,106.874077
SDN Cibubur 03 Pg.,Ciracas,Jakarta Timur,752,26,-6.344959,106.874069
SDN Kelapa Dua Wetan 02 Pg.,Ciracas,Jakarta Timur,687,30,-6.347486,106.882675
SDN Cibubur 10 Pg.,Ciracas,Jakarta Timur,782,31,-6.353303,106.872498
SDN Cibubur 09 Pg.,Ciracas,Jakarta Timur,755,36,-6.353424,106.872673
SDN Malaka Jaya 01 Pg.,Duren Sawit,Jakarta Timur,612,26,-6.1633,106.735001
SDN Klender 12 Pg.,Duren Sawit,Jakarta Timur,290,13,-6.214246,106.897079
SDN Malaka Jaya 09,Duren Sawit,Jakarta Timur,346,19,-6.214707,106.935059
SDN Klender 06 Pg.,Duren Sawit,Jakarta Timur,658,26,-6.214884,106.899292
SDN Klender 01 Pg.,Duren Sawit,Jakarta Timur,689,25,-6.215463,106.897614
SDN Klender 21 Pg.,Duren Sawit,Jakarta Timur,423,20,-6.215714,106.908081
SDN Klender 13 Pg.,Duren Sawit,Jakarta Timur,421,18,-6.215776,106.907921
SDN Klender 22 Pg.,Duren Sawit,Jakarta Timur,408,18,-6.218247,106.920204
SDN Malaka Sari 03 Pg.,Duren Sawit,Jakarta Timur,598,26,-6.218798,106.928581
SDN Klender 03 Pg.,Duren Sawit,Jakarta Timur,409,21,-6.219038,106.924057
SDN Klender 14 Pg.,Duren Sawit,Jakarta Timur,296,13,-6.219745,106.906021
SDN Klender 10 Pg.,Duren Sawit,Jakarta Timur,350,15,-6.2199,106.9235
SDN Klender 16 Pg.,Duren Sawit,Jakarta Timur,302,13,-6.220229,106.905205
SDN Klender 15 Pg.,Duren Sawit,Jakarta Timur,281,12,-6.220309,106.905708
SDN Klender 20 Pg.,Duren Sawit,Jakarta Timur,299,15,-6.2204,106.905602
SDN Malaka Jaya 12 Pg.,Duren Sawit,Jakarta Timur,328,13,-6.221196,106.934715
SDN Malaka Jaya 10 Pg.,Duren Sawit,Jakarta Timur,528,23,-6.221281,106.933197
SDN Malaka Jaya 05 Pg.,Duren Sawit,Jakarta Timur,367,20,-6.221395,106.935623
SDN Klender 04 Pg.,Duren Sawit,Jakarta Timur,623,26,-6.222085,106.912163
SDN Duren Sawit 14 Pg.,Duren Sawit,Jakarta Barat,221,11,-6.222451,106.922348
SDN Malaka Jaya 06 Pg.,Duren Sawit,Jakarta Timur,349,13,-6.2234,106.934097
SDN Pondok Bambu 04,Duren Sawit,Jakarta Timur,718,28,-6.2235,106.896301
SDN Pondok Kopi 04 Pg.,Duren Sawit,Jakarta Timur,741,32,-6.223547,106.946518
SDN Malaka Sari 01 Pg.,Duren Sawit,Jakarta Timur,218,10,-6.2259,106.929703
SDN Pondok Bambu 14 Pg.,Duren Sawit,Jakarta Timur,297,13,-6.230972,106.912292
SDN Duren Sawit 15 Pg.,Duren Sawit,Jakarta Timur,303,16,-6.231105,106.909149
SDN Pondok Kopi 03 Pg.,Duren Sawit,Jakarta Timur,506,25,-6.232109,106.944351
SDN Pondok Bambu 10 Pg.,Duren Sawit,Jakarta Timur,270,13,-6.232159,106.908035
SDN Pondok Kopi 01 Pg.,Duren Sawit,Jakarta Timur,412,17,-6.233092,106.939621
SDN Pondok Kopi 07 Pg.,Duren Sawit,Jakarta Timur,400,17,-6.233424,106.938995
SDN Pondok Bambu 02,Duren Sawit,Jakarta Timur,641,24,-6.233625,106.896698
SDN Pondok Bambu 06,Duren Sawit,Jakarta Timur,442,20,-6.23508,106.894714
SDN Duren Sawit 16,Duren Sawit,Jakarta Timur,540,21,-6.23509,106.917915
SDN Pondok Kelapa 10 Pg.,Duren Sawit,Jakarta Timur,402,20,-6.236025,106.935516
SDN Pondok Kelapa 03 Pg.,Duren Sawit,Jakarta Timur,287,15,-6.238904,106.931999
SDN Pondok Kelapa 01 Pg.,Duren Sawit,Jakarta Timur,735,36,-6.239168,106.9328
SDN Duren Sawit 13 Pg.,Duren Sawit,Jakarta Timur,404,20,-6.2467,106.917091
SDN Duri Pulo 07 Pg.,Gambir,Jakarta Pusat,372,18,-6.160702,106.815529
SDN Duri Pulo 05 Pg.,Gambir,Jakarta Pusat,186,9,-6.16216,106.801468
SDN Duri Pulo 01 Pg.,Gambir,Jakarta Pusat,196,9,-6.16216,106.801498
SDN Duri Pulo 03 Pg.,Gambir,Jakarta Pusat,200,9,-6.162181,106.801468
SDN Duri Pulo 02 Pg.,Gambir,Jakarta Pusat,196,9,-6.162203,106.801437
SDN Duri Pulo 10 Pg.,Gambir,Jakarta Pusat,325,18,-6.162245,106.801483
SDN Duri Pulo 04 Pg.,Gambir,Jakarta Pusat,208,9,-6.162245,106.801491
SDN Duri Pulo 08 Pg.,Gambir,Jakarta Pusat,175,10,-6.162884,106.802528
SDN Petojo Utara 03 Pg.,Gambir,Jakarta Pusat,231,13,-6.164395,106.811089
SDN Petojo Utara 05 Pg.,Gambir,Jakarta Pusat,263,12,-6.164429,106.811058
SDN Petojo Utara 09 Pg.,Gambir,Jakarta Pusat,247,11,-6.164429,106.811058
SDN Kebon Kelapa 02 Pg.,Gambir,Jakarta Pusat,378,18,-6.165196,106.821884
SDN Petojo Utara 01 Pg.,Gambir,Jakarta Pusat,186,13,-6.168321,106.811546
SDN Petojo Utara 13 Pg.,Gambir,Jakarta Pusat,284,14,-6.169516,106.817467
SDN Cideng 07 Pg.,Gambir,Jakarta Pusat,270,15,-6.170572,106.810303
SDN Petojo Selatan 01 Pg.,Gambir,Jakarta Pusat,352,16,-6.171477,106.81955
SDN Cideng 02 Pg.,Gambir,Jakarta Pusat,258,12,-6.172362,106.809555
SDN Petojo Selatan 06 Pg.,Gambir,Jakarta Pusat,141,10,-6.172893,106.816193
SDN Petojo Selatan 05 Pg.,Gambir,Jakarta Pusat,205,11,-6.173477,106.817139
SDN Cideng 04 Pg.,Gambir,Jakarta Pusat,195,10,-6.177156,106.809914
SDN Cideng 10 Pg.,Gambir,Jakarta Pusat,248,14,-6.177349,106.810074
SDN Cideng 13 Pg.,Gambir,Jakarta Pusat,185,9,-6.177866,106.810478
SDN Cideng 09 Pg.,Gambir,Jakarta Pusat,288,12,-6.177909,106.810509
SDN Gambir 01 Pg,Gambir,Jakarta Pusat,161,10,-6.178484,106.83252
SDN Jelambar Baru 03 Pg.,Grogol Petamburan,Jakarta Barat,407,17,-6.08,106.470001
SDN Jelambar Baru 05 Pg.,Grogol Petamburan,Jakarta Barat,405,19,-6.08,106.470001
SDN Jelambar Baru 01 Pg.,Grogol Petamburan,Jakarta Barat,483,16,-6.1457,106.784302
SDN Wijaya Kusuma 02 Pg.,Grogol Petamburan,Jakarta Barat,156,8,-6.1504,106.778
SDN Wijaya Kusuma 01 Pg.,Grogol Petamburan,Jakarta Barat,247,13,-6.152791,106.774261
SDN Wijaya Kusuma 03 Pg.,Grogol Petamburan,Jakarta Barat,386,18,-6.152791,106.774261
SDN Jelambar Baru 07 Pg.,Grogol Petamburan,Jakarta Barat,299,18,-6.15357,106.79081
SDN Jelambar Baru 09 Pg.,Grogol Petamburan,Jakarta Barat,257,12,-6.15357,106.79081
SDN Grogol 07 Pg.,Grogol Petamburan,Jakarta Barat,382,18,-6.155369,106.794235
SDN Jelambar 06 Pg.,Grogol Petamburan,Jakarta Barat,380,17,-6.158849,106.784111
SDN Jelambar 03 Pg.,Grogol Petamburan,Jakarta Barat,305,15,-6.158864,106.787926
SDN Jelambar 01 Pg.,Grogol Petamburan,Jakarta Barat,237,10,-6.158889,106.787926
SDN Grogol 01 Pg.,Grogol Petamburan,Jakarta Barat,737,24,-6.159342,106.796364
SDN Grogol 05 Pg.,Grogol Petamburan,Jakarta Barat,200,9,-6.159342,106.796364
SDN Wijaya Kusuma 05 Pg.,Grogol Petamburan,Jakarta Barat,378,17,-6.160619,106.775452
SDN Wijaya Kusuma 07 Pg.,Grogol Petamburan,Jakarta Barat,427,20,-6.16105,106.776062
SDN Jelambar 08 Pg.,Grogol Petamburan,Jakarta Barat,409,20,-6.16379,106.78418
SDN Grogol 11 Pg.,Grogol Petamburan,Jakarta Barat,101,14,-6.164212,106.798096
SDN Tomang 11 Pg.,Grogol Petamburan,Jakarta Barat,374,21,-6.172291,106.801857
SDN Tanjung Duren Utara 01 Pg.,Grogol Petamburan,Jakarta Barat,293,15,-6.172409,106.783607
SDN Tanjung Duren Utara 02 Pg.,Grogol Petamburan,Jakarta Barat,300,17,-6.172409,106.783607
SDN Tanjung Duren Utara 06 Pg.,Grogol Petamburan,Jakarta Barat,524,26,-6.172529,106.783554
SDN Tomang 01 Pg.,Grogol Petamburan,Jakarta Barat,471,20,-6.172914,106.797531
SDN Tomang 08 Pg.,Grogol Petamburan,Jakarta Barat,228,11,-6.174616,106.800728
SDN Tomang 03 Pg.,Grogol Petamburan,Jakarta Barat,442,22,-6.176711,106.796532
SDN Tanjung Duren Selatan 01 Pg.,Grogol Petamburan,Jakarta Barat,583,31,-6.18133,106.785156
SDN Tanjung Duren Selatan 05 Pg.,Grogol Petamburan,Jakarta Barat,230,11,-6.18133,106.785156
SDN Tanjung Duren Selatan 07 Pg.,Grogol Petamburan,Jakarta Barat,234,12,-6.18133,106.785156
SDN Tanjung Barat 05 Pg.,Jagakarsa,Jakarta Selatan,389,16,-6.1818,106.513
SDN Jagakarsa 11 Pg.,Jagakarsa,Jakarta Selatan,298,13,-6.193735,10.491082
SDN Tanjung Barat 09 Pg.,Jagakarsa,Jakarta Selatan,660,23,-6.300245,106.846565
SDN Tanjung Barat 01 Pg.,Jagakarsa,Jakarta Selatan,329,13,-6.306026,106.84449
SDN Tanjung Barat 07 Pg.,Jagakarsa,Jakarta Selatan,670,20,-6.306335,106.84346
SDN Tanjung Barat 04 Pg.,Jagakarsa,Jakarta Selatan,351,14,-6.308271,106.853867
SDN Tanjung Barat 03 Pg.,Jagakarsa,Jakarta Selatan,379,25,-6.308487,106.850975
SDN Jagakarsa 09 Pg.,Jagakarsa,Jakarta Selatan,389,20,-6.315963,106.817154
SDN Lenteng Agung 09 Pg.,Jagakarsa,Jakarta Selatan,605,29,-6.319188,106.83358
SDN Jagakarsa 14 Pg.,Jagakarsa,Jakarta Selatan,239,10,-6.31937,106.824142
SDN Jagakarsa 10 Pg.,Jagakarsa,Jakarta Selatan,334,19,-6.320066,106.811539
SDN Jagakarsa 12 Pg.,Jagakarsa,Jakarta Selatan,274,10,-6.3219,106.830055
SDN Jagakarsa 06 Pg.,Jagakarsa,Jakarta Selatan,420,25,-6.323483,106.817978
SDN Lenteng Agung 11,Jagakarsa,Jakarta Selatan,628,29,-6.323604,106.830856
SDN Lenteng Agung 03,Jagakarsa,Jakarta Selatan,558,22,-6.324457,0
SDN Lenteng Agung 01 Pg.,Jagakarsa,Jakarta Selatan,123,26,-6.324833,106.837364
SDN Jagakarsa 03 Pg.,Jagakarsa,Jakarta Selatan,408,17,-6.327671,106.820206
SDN Jagakarsa 01 Pg.,Jagakarsa,Jakarta Selatan,405,16,-6.328036,106.820457
SDN Lenteng Agung 05 Pg.,Jagakarsa,Jakarta Selatan,458,20,-6.328886,106.838974
SDN Srengseng Sawah 01 Pg.,Jagakarsa,Jakarta Selatan,237,17,-6.333091,106.834091
SDN Srengseng Sawah 02 Pt.,Jagakarsa,Jakarta Selatan,205,8,-6.333091,106.834091
SDN Srengseng Sawah 03 Pg.,Jagakarsa,Jakarta Selatan,237,10,-6.333091,106.834091
SDN Jagakarsa 02 Pg.,Jagakarsa,Jakarta Selatan,385,13,-6.33391,106.822456
SDN Jagakarsa 07 Pg.,Jagakarsa,Jakarta Selatan,335,13,-6.334343,106.820808
SDN Jagakarsa 08 Pg.,Jagakarsa,Jakarta Selatan,363,15,-6.335034,106.817619
SDN Ciganjur 01,Jagakarsa,Jakarta Selatan,666,29,-6.33543,106.809212
SDN Ciganjur 05 Pg.,Jagakarsa,Jakarta Selatan,407,18,-6.336427,106.81163
SDN Jagakarsa 05 Pg.,Jagakarsa,Jakarta Selatan,403,19,-6.33691,106.81826
SDN Ciganjur 04 Pg.,Jagakarsa,Jakarta Selatan,399,16,-6.337052,106.811363
SDN Ciganjur 02,Jagakarsa,Jakarta Selatan,501,21,-6.343535,106.815514
SDN Cipedak 03 Pg.,Jagakarsa,Jakarta Selatan,404,20,-6.349319,106.809418
SDN Cipedak 04 Pg.,Jagakarsa,Jakarta Selatan,464,19,-6.349319,106.809418
SDN Srengseng Sawah 14 Pg.,Jagakarsa,Jakarta Selatan,303,15,-6.349837,106.834045
SDN Cipedak 01 Pg.,Jagakarsa,Jakarta Selatan,601,29,-6.354628,106.800011
SDN Cipedak 02 Pt.,Jagakarsa,Jakarta Selatan,491,22,-6.354628,106.800011
SDN Cipedak 05 Pg.,Jagakarsa,Jakarta Selatan,374,20,-6.354628,106.800011
SDN Cipedak 06 Pg.,Jagakarsa,Jakarta Selatan,463,19,-6.354655,106.799957
SDN Srengseng Sawah 17 Pg.,Jagakarsa,Jakarta Selatan,418,20,-6.361602,106.81073
SDN Jagakarsa 04 Pg.,Jagakarsa,Jakarta Selatan,230,11,-6.396059,106.747993
SDN Cipinang Besar Utara 03 Pg.,Jatinegara,Jakarta Timur,240,12,-6.125598,106.523392
SDN Cipinang Muara 02 Pg.,Jatinegara,Jakarta Timur,334,12,-6.136638,106.530594
SDN Balimester 01 Pg.,Jatinegara,Jakarta Timur,500,22,-6.214191,106.865417
SDN Balimester 03 Pt.,Jatinegara,Jakarta Timur,319,17,-6.2146,106.865196
SDN Cipinang Muara 12 Pg.,Jatinegara,Jakarta Timur,446,17,-6.214716,106.890404
SDN Cipinang Muara 01 Pg.,Jatinegara,Jakarta Timur,400,19,-6.214783,106.890442
SDN Cipinang Besar Utara 09 Pg.,Jatinegara,Jakarta Timur,345,15,-6.217425,106.881165
SDN Cipinang Besar Utara 08 Pg.,Jatinegara,Jakarta Timur,394,15,-6.2184,106.880699
SDN Cipinang Besar Selatan 04 Pg.,Jatinegara,Jakarta Timur,346,12,-6.2184,106.8862
SDN Cipinang Besar Utara 10 Pg.,Jatinegara,Jakarta Timur,393,20,-6.220217,106.879898
SDN Cipinang Muara 15 Pg.,Jatinegara,Jakarta Timur,302,14,-6.220334,106.893799
SDN Cipinang Muara 16 Pg.,Jatinegara,Jakarta Timur,314,13,-6.220606,106.893585
SDN Rawa Bunga 12 Pg.,Jatinegara,Jakarta Timur,526,24,-6.221553,106.871452
SDN Rawa Bunga 11 Pg.,Jatinegara,Jakarta Timur,560,25,-6.221609,106.871422
SDN Balimester 06,Jatinegara,Jakarta Timur,503,19,-6.222415,106.866646
SDN Cipinang Muara 06 Pg.,Jatinegara,Jakarta Timur,398,17,-6.222571,106.887711
SDN Cipinang Besar Selatan 15 Pg.,Jatinegara,Jakarta Timur,275,13,-6.223667,106.881866
SDN Cipinang Muara 14 Pg.,Jatinegara,Jakarta Timur,328,18,-6.224499,106.886398
SDN Cipinang Muara 07 Pg.,Jatinegara,Jakarta Timur,417,19,-6.225672,106.88633
SDN Cipinang Besar Selatan 07 Pg.,Jatinegara,Jakarta Timur,239,12,-6.227043,106.881516
SDN Cipinang Besar Selatan 01 Pg.,Jatinegara,Jakarta Timur,237,11,-6.228733,106.878006
SDN Cipinang Besar Selatan 12 Pg.,Jatinegara,Jakarta Timur,187,8,-6.22949,106.882309
SDN Cipinang Besar Selatan 02 Pg.,Jatinegara,Jakarta Timur,197,9,-6.229959,106.881569
SDN Cipinang Cempedak 01 Pg.,Jatinegara,Jakarta Timur,330,15,-6.232077,106.873375
SDN Cipinang Muara 05 Pg.,Jatinegara,Jakarta Timur,374,16,-6.233639,106.886353
SDN Cipinang Besar Selatan 05 Pg.,Jatinegara,Jakarta Timur,215,10,-6.235249,106.882103
SDN Bidaracina 05 Pg.,Jatinegara,Jakarta Timur,382,17,-6.2355,106.871803
SDN Cipinang Besar Selatan 16 Pg.,Jatinegara,Jakarta Timur,368,14,-6.236365,106.884079
SDN Cipinang Muara 18 Pg.,Jatinegara,Jakarta Timur,174,12,-6.236675,106.889008
SDN Cipinang Muara 20 Pg.,Jatinegara,Jakarta Timur,194,11,-6.237149,106.888245
SDN Cipinang Besar Selatan 19 Pg.,Jatinegara,Jakarta Timur,294,14,-6.237322,106.881683
SDN Cipinang Besar Selatan 20 Pg.,Jatinegara,Jakarta Timur,307,15,-6.23758,106.881989
SDN Cipinang Besar Selatan 17 Pg.,Jatinegara,Jakarta Timur,261,10,-6.238941,106.881035
SDN Cipinang Cempedak 05 Pg.,Jatinegara,Jakarta Timur,255,12,-6.24197,106.872398
SDN Cipinang Cempedak 09 Pg.,Jatinegara,Jakarta Timur,199,10,-6.24321,106.873291
SDN Cipinang Cempedak 07 Pg.,Jatinegara,Jakarta Timur,341,18,-6.2441,106.8797
SDN Tanah Tinggi 06 Pt.,Johar Baru,Jakarta Pusat,155,10,-6.175681,106.849579
SDN Tanah Tinggi 05 Pg.,Johar Baru,Jakarta Pusat,217,9,-6.175686,106.849586
SDN Tanah Tinggi 07 Pg.,Johar Baru,Jakarta Pusat,151,10,-6.175902,106.847214
SDN Tanah Tinggi 03 Pg.,Johar Baru,Jakarta Pusat,270,11,-6.175931,106.846901
SDN Tanah Tinggi 04 Pt.,Johar Baru,Jakarta Pusat,192,9,-6.176044,106.846825
SDN Tanah Tinggi 11 Pg.,Johar Baru,Jakarta Pusat,259,10,-6.176045,106.846802
SDN Tanah Tinggi 01 Pg.,Johar Baru,Jakarta Pusat,218,12,-6.176355,106.846458
SDN Tanah Tinggi 02 Pt.,Johar Baru,Jakarta Pusat,131,9,-6.176355,106.846458
SDN Galur 03 Pg.,Johar Baru,Jakarta Pusat,437,20,-6.17704,106.855675
SDN Galur 01 Pg.,Johar Baru,Jakarta Pusat,412,19,-6.1773,106.855698
SDN Kampung Rawa 02 Pt.,Johar Baru,Jakarta Pusat,213,12,-6.179876,106.858803
SDN Kampung Rawa 01 Pg.,Johar Baru,Jakarta Pusat,267,12,-6.180314,106.857788
SDN Johar Baru 21 Pg.,Johar Baru,Jakarta Pusat,181,9,-6.180729,106.854256
SDN Johar Baru 16 Pt.,Johar Baru,Jakarta Pusat,155,10,-6.181544,106.85186
SDN Johar Baru 13 Pg.,Johar Baru,Jakarta Pusat,243,12,-6.181544,106.851929
SDN Johar Baru 18 Pt.,Johar Baru,Jakarta Pusat,217,9,-6.181629,106.851936
SDN Johar Baru 19 Pg.,Johar Baru,Jakarta Pusat,307,15,-6.181705,106.851997
SDN Johar Baru 10 Pg.,Johar Baru,Jakarta Pusat,510,23,-6.181745,106.859924
SDN Johar Baru 09 Pg.,Johar Baru,Jakarta Pusat,260,11,-6.181863,106.859924
SDN Johar Baru 17 Pg.,Johar Baru,Jakarta Pusat,396,17,-6.181875,106.852036
SDN Johar Baru 14 Pt.,Johar Baru,Jakarta Pusat,198,11,-6.182021,106.851654
SDN Tanah Tinggi 10 Pt.,Johar Baru,Jakarta Pusat,258,14,-6.182314,106.849953
SDN Tanah Tinggi 09 Pg.,Johar Baru,Jakarta Pusat,266,12,-6.182315,106.849998
SDN Johar Baru 03 Pg.,Johar Baru,Jakarta Pusat,189,10,-6.182702,106.855095
SDN Johar Baru 23 Pg.,Johar Baru,Jakarta Pusat,137,12,-6.182862,106.854492
SDN Johar Baru 05 Pg.,Johar Baru,Jakarta Pusat,225,9,-6.183493,106.855591
SDN Johar Baru 04 Pt.,Johar Baru,Jakarta Pusat,121,6,-6.183727,106.854607
SDN Johar Baru 25 Pg.,Johar Baru,Jakarta Pusat,142,10,-6.183801,106.854645
SDN Johar Baru 15 Pg.,Johar Baru,Jakarta Pusat,230,11,-6.183935,106.852104
SDN Johar Baru 07 Pg.,Johar Baru,Jakarta Pusat,239,12,-6.185141,106.856483
SDN Johar Baru 29 Pg.,Johar Baru,Jakarta Pusat,471,25,-6.186116,106.856087
SDN Johar Baru 01 Pg.,Johar Baru,Jakarta Pusat,246,12,-6.187059,106.861702
SDN Lagoa 07,Koja,Jakarta Utara,192,28,-6.11124,106.909416
SDN Lagoa 09,Koja,Jakarta Utara,499,21,-6.11217,106.907379
SDN Lagoa 11 Pg.,Koja,Jakarta Utara,647,27,-6.112239,106.914742
SDN Lagoa 02,Koja,Jakarta Utara,559,25,-6.112625,106.91143
SDN Lagoa 01,Koja,Jakarta Utara,685,28,-6.112698,106.912605
SDN Tugu Utara 13 Pg.,Koja,Jakarta Utara,291,15,-6.114758,106.917091
SDN Rawa Badak Utara 21,Koja,Jakarta Utara,474,22,-6.11545,106.903389
SDN Rawa Badak Utara 23,Koja,Jakarta Utara,809,29,-6.11545,106.903389
SDN Rawa Badak Utara 07 Pg.,Koja,Jakarta Utara,410,21,-6.116888,106.898415
SDN Rawa Badak Utara 09 Pg.,Koja,Jakarta Utara,271,19,-6.116888,106.898415
SDN Rawa Badak Utara 05 Pg.,Koja,Jakarta Utara,523,28,-6.117518,106.897583
SDN Rawa Badak Selatan 07 Pg.,Koja,Jakarta Utara,552,26,-6.118066,106.899567
SDN Rawa Badak Utara 03 Pg.,Koja,Jakarta Utara,474,18,-6.118336,106.898712
SDN Rawa Badak Utara 11,Koja,Jakarta Utara,477,22,-6.11904,106.901733
SDN Rawa Badak Utara 13 Pg.,Koja,Jakarta Utara,316,12,-6.11904,106.901733
SDN Rawa Badak Utara 15 Pg.,Koja,Jakarta Utara,447,22,-6.11904,106.901733
SDN Rawa Badak Utara 17 Pg.,Koja,Jakarta Utara,290,14,-6.11904,106.901733
SDN Tugu Utara 15 Pg.,Koja,Jakarta Utara,362,18,-6.119338,106.900673
SDN Rawa Badak Utara 19 Pg.,Koja,Jakarta Utara,559,25,-6.119409,106.900742
SDN Tugu Utara 14 Pg.,Koja,Jakarta Utara,269,14,-6.120278,106.920624
SDN Rawa Badak Utara 01 Pg.,Koja,Jakarta Utara,711,30,-6.121322,106.896614
SDN Tugu Selatan 01,Koja,Jakarta Utara,616,28,-6.123014,106.915344
SDN Tugu Utara 11,Koja,Jakarta Utara,573,28,-6.123569,106.913368
SDN Tugu Utara 09,Koja,Jakarta Utara,488,24,-6.124366,106.913589
SDN Rawa Badak Selatan 01,Koja,Jakarta Utara,684,29,-6.124591,106.902328
SDN Tugu Utara 01 Pg.,Koja,Jakarta Utara,330,17,-6.124719,106.910431
SDN Tugu Utara 02 Pt.,Koja,Jakarta Utara,270,12,-6.124719,106.910431
SDN Tugu Utara 03 Pg.,Koja,Jakarta Utara,454,21,-6.124719,106.910431
SDN Rawa Badak Selatan 03 Pg.,Koja,Jakarta Utara,439,20,-6.124829,106.902977
SDN Tugu Utara 17 Pg.,Koja,Jakarta Utara,303,11,-6.126367,106.915497
SDN Tugu Utara 19 Pg.,Koja,Jakarta Utara,506,24,-6.126367,106.915497
SDN Tugu Utara 21 Pg.,Koja,Jakarta Utara,309,12,-6.126367,106.915497
SDN Tugu Utara 22,Koja,Jakarta Utara,642,25,-6.126367,106.915497
SDN Tugu Utara 05 Pg.,Koja,Jakarta Utara,498,20,-6.127527,106.9104
SDN Tugu Utara 07 Pg.,Koja,Jakarta Utara,296,14,-6.127527,106.9104
SDN Tugu Utara 08 Pt.,Koja,Jakarta Utara,354,13,-6.127527,106.9104
SDN Rawa Badak Selatan 05,Koja,Jakarta Utara,587,24,-6.127528,106.90052
SDN Tugu Utara 16 Pt.,Koja,Jakarta Utara,299,13,-6.1304,106.915031
SDN Rawa Badak Selatan 09,Koja,Jakarta Utara,668,26,-6.132489,106.902786
SDN Rawa Badak Selatan 11 Pg.,Koja,Jakarta Utara,703,29,-6.132777,106.903755
SDN Tugu Selatan 03 Pg.,Koja,Jakarta Utara,392,19,-6.132856,106.913681
SDN Tugu Selatan 04 Pt.,Koja,Jakarta Utara,357,12,-6.132951,106.913628
SDN Kamal 02 Pg.,Kalideres,Jakarta Barat,408,15,-6.09712,106.701591
SDN Kamal 01 Pg.,Kalideres,Jakarta Barat,402,15,-6.099899,106.703911
SDN Kamal 08 Pt.,Kalideres,Jakarta Barat,410,17,-6.099989,106.703758
SDN Kamal 09 Pg.,Kalideres,Jakarta Barat,413,18,-6.100422,106.698372
SDN Kamal 05 Pg.,Kalideres,Jakarta Barat,397,16,-6.100449,106.708122
SDN Kamal 06 Pg.,Kalideres,Jakarta Barat,420,14,-6.100449,106.708122
SDN Tegal Alur 01 Pg.,Kalideres,Jakarta Barat,307,12,-6.104378,106.710327
SDN Tegal Alur 19 Pt.,Kalideres,Jakarta Barat,297,18,-6.104378,106.710327
SDN Tegal Alur 07 Pg.,Kalideres,Jakarta Barat,270,16,-6.105821,106.70887
SDN Tegal Alur 06 Pg.,Kalideres,Jakarta Barat,319,12,-6.105843,106.70887
SDN Kamal 03 Pg.,Kalideres,Jakarta Barat,643,24,-6.106337,106.700912
SDN Tegal Alur 21 Pt.,Kalideres,Jakarta Barat,279,12,-6.106803,106.709381
SDN Kamal 10 Pt.,Kalideres,Jakarta Barat,309,12,-6.108699,106.702896
SDN Tegal Alur 20 Pt.,Kalideres,Jakarta Barat,275,13,-6.110811,106.718079
SDN Tegal Alur 10 Pg.,Kalideres,Jakarta Barat,235,11,-6.115389,106.724716
SDN Tegal Alur 14 Pt.,Kalideres,Jakarta Barat,355,11,-6.115389,106.724716
SDN Kamal 07 Pg.,Kalideres,Jakarta Barat,339,12,-6.118299,106.709389
SDN Tegal Alur 02 Pg.,Kalideres,Jakarta Barat,580,23,-6.118408,106.713402
SDN Tegal Alur 04 Pg.,Kalideres,Jakarta Barat,262,16,-6.118408,106.713402
SDN Tegal Alur 17 Pg.,Kalideres,Jakarta Barat,547,25,-6.120227,106.726883
SDN Tegal Alur 15 Pg.,Kalideres,Jakarta Barat,292,11,-6.12152,106.729622
SDN Tegal Alur 03 Pg.,Kalideres,Jakarta Utara,343,17,-6.122855,106.719849
SDN Tegal Alur 12 Pt.,Kalideres,Jakarta Utara,245,8,-6.122883,106.719734
SDN Tegal Alur 13 Pt.,Kalideres,Jakarta Barat,228,12,-6.123551,106.714973
SDN Tegal Alur 16 Pt.,Kalideres,Jakarta Barat,211,15,-6.123552,106.714973
SDN Tegal Alur 08 Pg.,Kalideres,Jakarta Barat,385,16,-6.123682,106.714851
SDN Tegal Alur 09 Pg.,Kalideres,Jakarta Barat,299,11,-6.123921,106.709702
SDN Tegal Alur 11 Pg.,Kalideres,Jakarta Barat,252,13,-6.127425,106.719559
SDN Pegadungan 04 Pg.,Kalideres,Jakarta Barat,307,12,-6.129044,106.70517
SDN Pegadungan 02 Pg.,Kalideres,Jakarta Barat,281,15,-6.12909,106.705406
SDN Kalideres 13 Pt.,Kalideres,Jakarta Barat,319,13,-6.136077,106.692001
SDN Pegadungan 06 Pg.,Kalideres,Jakarta Barat,317,16,-6.136379,106.692505
SDN Pegadungan 07 Pg.,Kalideres,Jakarta Barat,266,12,-6.136379,106.692505
SDN Pegadungan 10 Pt.,Kalideres,Jakarta Barat,242,11,-6.136379,106.692505
SDN Pegadungan 15 Pt.,Kalideres,Jakarta Barat,367,12,-6.13648,106.692703
SDN Pegadungan 03 Pg.,Kalideres,Jakarta Barat,360,17,-6.139068,106.702675
SDN Pegadungan 05 Pg.,Kalideres,Jakarta Barat,364,16,-6.139718,106.700829
SDN Pegadungan 12 Pg.,Kalideres,Jakarta Barat,302,14,-6.14189,106.697372
SDN Kalideres 06 Pg.,Kalideres,Jakarta Barat,330,14,-6.142302,106.696297
SDN Pegadungan 01 Pg.,Kalideres,Jakarta Barat,269,13,-6.142469,106.69619
SDN Pegadungan 08 Pt.,Kalideres,Jakarta Barat,226,8,-6.142469,106.69619
SDN Kalideres 14 Pt.,Kalideres,Jakarta Barat,261,14,-6.142971,106.692986
SDN Kalideres 05 Pg.,Kalideres,Jakarta Barat,334,15,-6.143182,106.69265
SDN Pegadungan 11 Pg.,Kalideres,Jakarta Barat,547,22,-6.143454,106.702629
SDN Pegadungan 13 Pg.,Kalideres,Jakarta Barat,363,19,-6.144228,106.713737
SDN Pegadungan 14 Pg.,Kalideres,Jakarta Barat,328,13,-6.144399,106.713402
SDN Kalideres 12 Pg.,Kalideres,Jakarta Barat,359,14,-6.145648,106.704178
SDN Kalideres 01 Pg.,Kalideres,Jakarta Barat,333,14,-6.146816,106.702583
SDN Kalideres 07 Pg.,Kalideres,Jakarta Barat,572,22,-6.14849,106.703056
SDN Kalideres 03 Pg.,Kalideres,Jakarta Barat,294,15,-6.154099,106.703941
SDN Kalideres 04 Pt.,Kalideres,Jakarta Barat,318,12,-6.1541,106.703949
SDN Kalideres 02 Pt.,Kalideres,Jakarta Barat,281,14,-6.154111,106.703911
SDN Kalideres 09 Pg.,Kalideres,Jakarta Barat,257,11,-6.154687,106.712433
SDN Kalideres 10 Pg.,Kalideres,Jakarta Barat,329,13,-6.154687,106.712433
SDN Semanan 01 Pg.,Kalideres,Jakarta Barat,311,13,-6.159629,106.705223
SDN Semanan 02 Pt.,Kalideres,Jakarta Barat,330,15,-6.159629,106.705223
SDN Semanan 03 Pg.,Kalideres,Jakarta Barat,332,15,-6.159629,106.705223
SDN Semanan 07 Pt.,Kalideres,Jakarta Barat,259,12,-6.159629,106.705223
SDN Semanan 04 Pg.,Kalideres,Jakarta Barat,418,16,-6.159833,106.704208
SDN Semanan 12 Pg.,Kalideres,Jakarta Barat,433,18,-6.159835,106.704208
SDN Semanan 13 Pt.,Kalideres,Jakarta Barat,368,16,-6.167469,106.704056
SDN Semanan 14 Pt.,Kalideres,Jakarta Barat,388,12,-6.167489,106.704102
SDN Semanan 08 Pg.,Kalideres,Jakarta Barat,353,14,-6.167528,106.704048
SDN Semanan 06 Pg.,Kalideres,Jakarta Barat,408,17,-6.169998,106.707253
SDN Semanan 09 Pg.,Kalideres,Jakarta Barat,355,14,-6.170595,106.707275
SDN Semanan 10 Pt.,Kalideres,Jakarta Barat,433,19,-6.171127,106.698822
SDN Semanan 11 Pt.,Kalideres,Jakarta Barat,417,17,-6.171127,106.698822
SDN Semanan 05 Pg.,Kalideres,Jakarta Barat,412,18,-6.171157,106.698814
SDN Gunung 05 Pg.,Kebayoran Baru,Jakarta Selatan,368,17,-6.230469,106.796562
SDN Rawa Barat 05 Pg.,Kebayoran Baru,Jakarta Selatan,582,29,-6.2348,106.814598
SDN Kramat Pela 09 Pg.,Kebayoran Baru,Jakarta Selatan,515,26,-6.244879,106.790375
SDN Kramat Pela 01 Pg.,Kebayoran Baru,Jakarta Selatan,198,9,-6.248531,106.797325
SDN Pulo 07 Pg.,Kebayoran Baru,Jakarta Selatan,186,10,-6.25062,106.808823
SDN Pulo 03 Pg.,Kebayoran Baru,Jakarta Selatan,202,9,-6.252371,106.795105
SDN Gandaria Utara 11 Pg.,Kebayoran Baru,Jakarta Selatan,244,18,-6.25831,106.791054
SDN Cipete Utara 12 Pg.,Kebayoran Baru,Jakarta Selatan,197,10,-6.258598,106.801331
SDN Cipete Utara 09 Pg.,Kebayoran Baru,Jakarta Selatan,177,10,-6.258598,106.803253
SDN Cipete Utara 10 Pg.,Kebayoran Baru,Jakarta Selatan,175,12,-6.258598,106.803253
SDN Cipete Utara 11 Pg.,Kebayoran Baru,Jakarta Selatan,229,11,-6.2586,106.803253
SDN Gandaria Utara 08 Pg.,Kebayoran Baru,Jakarta Selatan,225,13,-6.2586,106.803253
SDN Gandaria Utara 01 Pg.,Kebayoran Baru,Jakarta Selatan,201,11,-6.25934,106.794319
SDN Cipete Utara 05 Pg.,Kebayoran Baru,Jakarta Selatan,134,7,-6.26178,106.810165
SDN Cipete Utara 07 Pg.,Kebayoran Baru,Jakarta Selatan,151,9,-6.261788,106.811569
SDN Gandaria Utara 05 Pg.,Kebayoran Baru,Jakarta Selatan,195,8,-6.262122,106.792084
SDN Gandaria Utara 03 Pg.,Kebayoran Baru,Jakarta Selatan,193,9,-6.262227,106.791512
SDN Gandaria Utara 07 Pg.,Kebayoran Baru,Jakarta Selatan,164,10,-6.262688,106.791512
SDN Cipete Utara 15 Pg.,Kebayoran Baru,Jakarta Selatan,567,24,-6.262838,106.8032
SDN Cipete Utara 13 Pg.,Kebayoran Baru,Jakarta Selatan,190,10,-6.264711,106.80703
SDN Cipete Utara 14 Pg.,Kebayoran Baru,Jakarta Selatan,171,8,-6.264711,106.80703
SDN Cipete Utara 01,Kebayoran Baru,Jakarta Selatan,405,19,-6.2657,106.797897
SDN Grogol Utara 14 Pt.,Kebayoran Lama,Jakarta Selatan,177,11,-6.209335,106.790268
SDN Grogol Utara 13 Pg.,Kebayoran Lama,Jakarta Selatan,258,12,-6.212474,106.7864
SDN Grogol Utara 15 Pt.,Kebayoran Lama,Jakarta Selatan,170,10,-6.2143,106.777901
SDN Grogol Utara 12 Pg.,Kebayoran Lama,Jakarta Selatan,306,17,-6.214788,106.777664
SDN Grogol Utara 04 Pt.,Kebayoran Lama,Jakarta Selatan,178,9,-6.214927,106.777664
SDN Grogol Utara 05 Pg.,Kebayoran Lama,Jakarta Selatan,221,13,-6.218798,106.781868
SDN Grogol Selatan 15 Pt.,Kebayoran Lama,Jakarta Selatan,149,7,-6.226469,106.772369
SDN Grogol Selatan 16 Pt.,Kebayoran Lama,Jakarta Selatan,159,7,-6.227426,106.77211
SDN Grogol Selatan 13,Kebayoran Lama,Jakarta Selatan,469,23,-6.227828,106.774277
SDN Grogol Selatan 01,Kebayoran Lama,Jakarta Selatan,984,44,-6.229186,106.777992
SDN Grogol Selatan 17 Pg.,Kebayoran Lama,Jakarta Selatan,431,18,-6.230289,106.766571
SDN Grogol Selatan 05 Pg.,Kebayoran Lama,Jakarta Selatan,717,33,-6.231428,106.780861
SDN Grogol Selatan 10 Pg.,Kebayoran Lama,Jakarta Selatan,227,10,-6.231479,106.771088
SDN Grogol Selatan 09 Pg.,Kebayoran Lama,Jakarta Selatan,205,10,-6.231557,106.7714
SDN Grogol Utara 01 Pg.,Kebayoran Lama,Jakarta Selatan,387,24,-6.232288,106.785454
SDN Grogol Selatan 08 Pg.,Kebayoran Lama,Jakarta Selatan,413,18,-6.23242,106.783844
SDN Cipulir 01 Pg.,Kebayoran Lama,Jakarta Selatan,420,20,-6.234372,106.775185
SDN Cipulir 07 Pg.,Kebayoran Lama,Jakarta Selatan,437,22,-6.235248,106.776611
SDN Cipulir 05 Pg.,Kebayoran Lama,Jakarta Selatan,612,25,-6.2365,106.775307
SDN Cipulir 03 Pg.,Kebayoran Lama,Jakarta Selatan,229,11,-6.23686,106.750519
SDN Keb. Lama Utara 01 Pg.,Kebayoran Lama,Jakarta Selatan,165,11,-6.237563,106.784142
SDN Cipulir 10 Pt.,Kebayoran Lama,Jakarta Selatan,155,12,-6.23904,106.775902
SDN Cipulir 11 Pg.,Kebayoran Lama,Jakarta Selatan,257,14,-6.239119,106.775864
SDN Cipulir 04 Pt.,Kebayoran Lama,Jakarta Selatan,196,11,-6.239189,106.775871
SDN Cipulir 09 Pg.,Kebayoran Lama,Jakarta Selatan,348,15,-6.239349,106.775826
SDN Keb. Lama Utara 11 Pg.,Kebayoran Lama,Jakarta Selatan,548,24,-6.247256,106.770271
SDN Keb. Lama Utara 09 Pg.,Kebayoran Lama,Jakarta Selatan,359,17,-6.247395,106.771309
SDN Keb. Lama Selatan 03 Pg.,Kebayoran Lama,Jakarta Selatan,594,32,-6.24793,106.77877
SDN Keb. Lama Selatan 14 Pg.,Kebayoran Lama,Jakarta Selatan,300,14,-6.248728,106.785156
SDN Keb. Lama Selatan 16 Pg.,Kebayoran Lama,Jakarta Selatan,287,12,-6.248817,106.784729
SDN Keb. Lama Selatan 17 Pg.,Kebayoran Lama,Jakarta Selatan,246,14,-6.249656,106.785728
SDN Keb. Lama Selatan 11 Pg.,Kebayoran Lama,Jakarta Selatan,250,21,-6.257741,106.775864
SDN Keb. Lama Selatan 05 Pg.,Kebayoran Lama,Jakarta Selatan,581,26,-6.257891,106.776199
SDN Keb. Lama Selatan 09 Pg.,Kebayoran Lama,Jakarta Selatan,450,22,-6.258428,106.776077
SDN Pondok Pinang 05,Kebayoran Lama,Jakarta Selatan,647,32,-6.2681,106.772797
SDN Pondok Pinang 02 Pt.,Kebayoran Lama,Jakarta Selatan,289,16,-6.26976,106.774841
SDN Pondok Pinang 01 Pg.,Kebayoran Lama,Jakarta Selatan,272,13,-6.269764,106.774704
SDN Pondok Pinang 04 Pt.,Kebayoran Lama,Jakarta Selatan,271,12,-6.269789,106.774788
SDN Pondok Pinang 08 Pg.,Kebayoran Lama,Jakarta Selatan,451,23,-6.275998,106.770752
SDN Pondok Pinang 10 Pg.,Kebayoran Lama,Jakarta Selatan,535,32,-6.287681,106.775261
SDN Kelapa Dua 03 Pg.,Kebon Jeruk,Jakarta Barat,414,24,-6.125103,106.461639
SDN Kelapa Dua 05 Pg.,Kebon Jeruk,Jakarta Barat,224,12,-6.136009,106.814461
SDN Kedoya Utara 09 Pg.,Kebon Jeruk,Jakarta Barat,756,38,-6.162358,106.764511
SDN Duri Kepa 07 Pg.,Kebon Jeruk,Jakarta Barat,754,32,-6.163599,106.769089
SDN Kedoya Utara 01 Pg.,Kebon Jeruk,Jakarta Barat,526,21,-6.168716,106.759956
SDN Duri Kepa 17 Pg.,Kebon Jeruk,Jakarta Barat,341,16,-6.169057,106.77903
SDN Kedoya Utara 04 Pg.,Kebon Jeruk,Jakarta Barat,539,21,-6.170086,106.759384
SDN Duri Kepa 05 Pg.,Kebon Jeruk,Jakarta Barat,514,18,-6.172085,106.77282
SDN Duri Kepa 16 Pg.,Kebon Jeruk,Jakarta Barat,284,13,-6.173269,106.779266
SDN Duri Kepa 03 Pg.,Kebon Jeruk,Jakarta Pusat,336,15,-6.174389,106.774834
SDN Duri Kepa 13 Pg.,Kebon Jeruk,Jakarta Barat,460,34,-6.177172,106.77037
SDN Kedoya Utara 03 Pg.,Kebon Jeruk,Jakarta Barat,685,32,-6.179084,106.760323
SDN Kedoya Selatan 01 Pg.,Kebon Jeruk,Jakarta Barat,712,33,-6.183327,106.761192
SDN Kedoya Selatan 04 Pg.,Kebon Jeruk,Jakarta Barat,306,19,-6.1834,106.759117
SDN Kebon Jeruk 11 Pg.,Kebon Jeruk,Jakarta Barat,430,21,-6.186027,106.777206
SDN Duri Kepa 11 Pg.,Kebon Jeruk,Jakarta Barat,455,24,-6.186281,106.775154
SDN Duri Kepa 01,Kebon Jeruk,Jakarta Barat,465,16,-6.186677,106.775047
SDN Kebon Jeruk 17 Pg.,Kebon Jeruk,Jakarta Barat,466,21,-6.187334,106.779404
SDN Kebon Jeruk 15 Pg.,Kebon Jeruk,Jakarta Barat,458,25,-6.187638,106.773827
SDN Kebon Jeruk 01 Pg.,Kebon Jeruk,Jakarta Barat,490,19,-6.1913,106.7687
SDN Kebon Jeruk 08 Pg.,Kebon Jeruk,Jakarta Barat,427,23,-6.1913,106.7687
SDN Kebon Jeruk 04 Pg.,Kebon Jeruk,Jakarta Barat,518,23,-6.19272,106.773071
SDN Kebon Jeruk 06 Pg.,Kebon Jeruk,Jakarta Barat,495,25,-6.193415,106.773308
SDN Kebon Jeruk 02 Pg.,Kebon Jeruk,Jakarta Barat,272,11,-6.193569,106.770912
SDN Kebon Jeruk 10 Pg.,Kebon Jeruk,Jakarta Barat,517,28,-6.200547,106.76767
SDN Sukabumi Utara 05 Pg.,Kebon Jeruk,Jakarta Barat,360,18,-6.203246,106.780075
SDN Sukabumi Utara 07 Pg.,Kebon Jeruk,Jakarta Barat,236,9,-6.20519,106.781441
SDN Sukabumi Utara 08 Pg.,Kebon Jeruk,Jakarta Barat,208,11,-6.206177,106.781609
SDN Sukabumi Utara 04 Pg.,Kebon Jeruk,Jakarta Barat,206,10,-6.20665,106.772415
SDN Sukabumi Utara 09 Pg.,Kebon Jeruk,Jakarta Barat,205,11,-6.20736,106.780869
SDN Sukabumi Utara 03 Pt.,Kebon Jeruk,Jakarta Barat,529,26,-6.208567,106.77195
SDN Sukabumi Utara 01 Pg.,Kebon Jeruk,Jakarta Barat,452,23,-6.208659,106.777908
SDN Kelapa Dua 01 Pg.,Kebon Jeruk,Jakarta Barat,550,25,-6.210678,106.7705
SDN Kelapa Dua 06 Pg.,Kebon Jeruk,Jakarta Barat,215,14,-6.2165,106.766197
SDN Sukabumi Selatan 07 Pg.,Kebon Jeruk,Jakarta Barat,394,22,-6.2175,106.772202
SDN Sukabumi Selatan 03 Pg.,Kebon Jeruk,Jakarta Barat,459,21,-6.2182,106.7696
SDN Sukabumi Selatan 01 Pg.,Kebon Jeruk,Jakarta Barat,387,19,-6.218214,106.769516
SDN Sukabumi Selatan 06 Pg.,Kebon Jeruk,Jakarta Barat,315,12,-6.220332,106.770332
SDN Sukabumi Selatan 05 Pg.,Kebon Jeruk,Jakarta Barat,254,13,-6.223311,106.774559
SDN Pegangsaan Dua 01,Kelapa Gading,Jakarta Utara,443,22,-6.153523,106.924606
SDN Kelapa Gading Barat 01,Kelapa Gading,Jakarta Utara,587,25,-6.157819,106.89357
SDN Pegangsaan Dua 05 Pg.,Kelapa Gading,Jakarta Utara,273,14,-6.171498,106.910652
SDN Pegangsaan Dua 07 Pg.,Kelapa Gading,Jakarta Utara,236,12,-6.175113,106.911453
SDN Kelapa Gading Tim. 03,Kelapa Gading,Jakarta Utara,591,31,-6.175944,106.905693
SDN Kelapa Gading Tim. 05 Pt.,Kelapa Gading,Jakarta Utara,148,12,-6.175963,106.905632
SDN Pegangsaan Dua 09 Pt.,Kelapa Gading,Jakarta Utara,146,8,-6.176209,106.910866
SDN Pegangsaan Dua 06 Pg.,Kelapa Gading,Jakarta Utara,498,23,-6.176662,106.912071
SDN Kelapa Gading Tim. 01,Kelapa Gading,Jakarta Utara,419,24,-6.178877,106.905228
SDN Pegangsaan Dua 03,Kelapa Gading,Jakarta Utara,394,18,-6.181092,106.914101
SDN Kebon Kosong 02 Pg.,Kemayoran,Jakarta Pusat,425,20,-6.15396,106.856407
SDN Kebon Kosong 03 Pg.,Kemayoran,Jakarta Pusat,327,14,-6.154088,106.857704
SDN Kebon Kosong 07 Pg.,Kemayoran,Jakarta Pusat,468,17,-6.154356,106.857941
SDN Kebon Kosong 16 Pg.,Kemayoran,Jakarta Pusat,288,13,-6.154758,106.858543
SDN Kebon Kosong 05 Pg.,Kemayoran,Jakarta Pusat,338,13,-6.155574,106.84304
SDN Kebon Kosong 01 Pg.,Kemayoran,Jakarta Pusat,345,15,-6.156518,106.8563
SDN Serdang 07,Kemayoran,Jakarta Pusat,664,26,-6.1566,106.862602
SDN Serdang 11 Pg.,Kemayoran,Jakarta Pusat,388,16,-6.1571,106.867798
SDN Serdang 13 Pg.,Kemayoran,Jakarta Pusat,363,13,-6.1572,106.866096
SDN Sumur Batu 10 Pg.,Kemayoran,Jakarta Pusat,309,14,-6.158297,106.867157
SDN Sumur Batu 08 Pg.,Kemayoran,Jakarta Pusat,331,19,-6.158329,106.86718
SDN Sumur Batu 03 Pg.,Kemayoran,Jakarta Pusat,285,13,-6.15923,106.867081
SDN Sumur Batu 04 Pg.,Kemayoran,Jakarta Pusat,243,11,-6.15923,106.867081
SDN Sumur Batu 01 Pg.,Kemayoran,Jakarta Pusat,325,14,-6.1598,106.866997
SDN Kebon Kosong 09 Pg.,Kemayoran,Jakarta Pusat,435,19,-6.160539,106.854065
SDN Utan Panjang 01 Pg.,Kemayoran,Jakarta Pusat,487,17,-6.160545,106.855721
SDN Kemayoran 11 Pg.,Kemayoran,Jakarta Pusat,262,15,-6.160661,106.853996
SDN Utan Panjang 03 Pg.,Kemayoran,Jakarta Pusat,428,18,-6.160762,106.853386
SDN Serdang 05 Pg.,Kemayoran,Jakarta Pusat,385,19,-6.1612,106.860497
SDN Kemayoran 01 Pg.,Kemayoran,Jakarta Pusat,204,9,-6.161248,106.840828
SDN Sumur Batu 14 Pg.,Kemayoran,Jakarta Pusat,350,14,-6.161515,106.868759
SDN Sumur Batu 15 Pt.,Kemayoran,Jakarta Pusat,169,9,-6.161515,106.868759
SDN Kebon Kosong 18 Pg.,Kemayoran,Jakarta Pusat,190,12,-6.16206,106.850746
SDN Sumur Batu 12 Pg.,Kemayoran,Jakarta Pusat,352,15,-6.162316,106.868736
SDN Kebon Kosong 15 Pg.,Kemayoran,Jakarta Pusat,354,19,-6.162363,106.851143
SDN Kemayoran 13 Pg.,Kemayoran,Jakarta Pusat,144,11,-6.162657,106.847511
SDN Kebon Kosong 14 Pg.,Kemayoran,Jakarta Pusat,254,14,-6.1627,106.850601
SDN Kebon Kosong 13 Pg.,Kemayoran,Jakarta Pusat,277,13,-6.163041,106.850418
SDN Kemayoran 16 Pt.,Kemayoran,Jakarta Pusat,134,7,-6.163082,106.843323
SDN Kemayoran 02 Pt.,Kemayoran,Jakarta Pusat,163,13,-6.163168,106.843369
SDN Kemayoran 03 Pg.,Kemayoran,Jakarta Pusat,216,11,-6.163178,106.843323
SDN Kemayoran 14 Pt.,Kemayoran,Jakarta Pusat,169,10,-6.1632,106.847504
SDN Kebon Kosong 17 Pg.,Kemayoran,Jakarta Pusat,298,12,-6.163358,106.850746
SDN Kebon Kosong 19 Pg.,Kemayoran,Jakarta Pusat,320,16,-6.163358,106.850746
SDN Serdang 03 Pg.,Kemayoran,Jakarta Pusat,341,18,-6.163371,106.860481
SDN Kemayoran 09 Pg.,Kemayoran,Jakarta Pusat,340,18,-6.163676,106.847076
SDN Cempaka Baru 09 Pg.,Kemayoran,Jakarta Pusat,344,19,-6.1648,106.8582
SDN Cempaka Baru 14 Pg.,Kemayoran,Jakarta Pusat,219,13,-6.164981,106.863541
SDN Cempaka Baru 11 Pg.,Kemayoran,Jakarta Pusat,311,13,-6.16511,106.862961
SDN Kemayoran 15,Kemayoran,Jakarta Pusat,477,19,-6.16519,106.842972
SDN Cempaka Baru 07 Pg.,Kemayoran,Jakarta Pusat,273,13,-6.1653,106.858101
SDN Kemayoran 07 Pg.,Kemayoran,Jakarta Pusat,208,7,-6.166,106.844902
SDN Gunung Sahari Selatan 01 Pg.,Kemayoran,Jakarta Pusat,434,27,-6.1661,106.839203
SDN Sumur Batu 06 Pg.,Kemayoran,Jakarta Pusat,392,23,-6.166502,106.866371
SDN Cempaka Baru 01,Kemayoran,Jakarta Pusat,693,29,-6.1669,106.863098
SDN Cempaka Baru 05 Pg.,Kemayoran,Jakarta Pusat,430,21,-6.167008,106.866119
SDN Harapan Mulia 02 Pt.,Kemayoran,Jakarta Pusat,318,14,-6.167215,106.853607
SDN Harapan Mulia 01 Pg.,Kemayoran,Jakarta Pusat,410,19,-6.167215,106.855659
SDN Cempaka Baru 03 Pg.,Kemayoran,Jakarta Pusat,398,18,-6.169199,106.865143
SDN Cempaka Baru 12 Pg.,Kemayoran,Jakarta Pusat,187,10,-6.171731,106.862053
SDN Harapan Mulia 03 Pg.,Kemayoran,Jakarta Pusat,376,16,-6.173105,106.855888
SDN Harapan Mulia 04 Pt.,Kemayoran,Jakarta Pusat,384,14,-6.173145,106.853828
SDN Cempaka Baru 13 Pg.,Kemayoran,Jakarta Pusat,259,14,-6.2115,106.8452
SDN Serdang 01 Pg.,Kemayoran,Jakarta Pusat,333,16,-6.2115,106.8452
SDN Kembangan Utara 04 Pg.,Kembangan,Jakarta Barat,664,27,-6.1049,106.442802
SDN Kembangan Utara 10 Pg.,Kembangan,Jakarta Barat,376,17,-6.15576,106.746498
SDN Kembangan Utara 09 Pg.,Kembangan,Jakarta Barat,379,19,-6.159011,106.748405
SDN Kembangan Utara 12 Pt.,Kembangan,Jakarta Barat,395,15,-6.159011,106.748405
SDN Kembangan Utara 11 Pt.,Kembangan,Jakarta Barat,349,17,-6.159273,106.748489
SDN Kembangan Utara 05 Pg.,Kembangan,Jakarta Barat,404,13,-6.169057,106.75013
SDN Kembangan Utara 06 Pg.,Kembangan,Jakarta Barat,397,18,-6.169057,106.75013
SDN Kembangan Utara 07 Pt.,Kembangan,Jakarta Barat,307,14,-6.169057,106.75013
SDN Kembangan Utara 08 Pt.,Kembangan,Jakarta Barat,311,15,-6.169868,106.747612
SDN Kembangan Utara 01 Pg.,Kembangan,Jakarta Barat,635,26,-6.183141,106.752167
SDN Kembangan Selatan 03 Pg.,Kembangan,Jakarta Barat,530,21,-6.183239,106.739754
SDN Kembangan Selatan 01 Pg.,Kembangan,Jakarta Barat,697,34,-6.184716,106.728798
SDN Meruya Utara 03 Pg.,Kembangan,Jakarta Barat,301,15,-6.191738,106.755592
SDN Meruya Utara 08 Pg.,Kembangan,Jakarta Barat,276,13,-6.192584,106.741402
SDN Meruya Utara 04 Pt.,Kembangan,Jakarta Barat,249,7,-6.194491,106.756668
SDN Meruya Utara 07 Pg.,Kembangan,Jakarta Barat,230,13,-6.194491,106.756668
SDN Meruya Utara 12 Pg.,Kembangan,Jakarta Barat,375,16,-6.195831,106.751984
SDN Meruya Utara 13 Pg.,Kembangan,Jakarta Barat,339,15,-6.19603,106.751556
SDN Meruya Utara 15 Pt.,Kembangan,Jakarta Barat,301,10,-6.19603,106.751556
SDN Meruya Utara 09 Pg.,Kembangan,Jakarta Barat,267,13,-6.196045,106.758888
SDN Meruya Utara 10 Pg.,Kembangan,Jakarta Barat,261,11,-6.19621,106.758835
SDN Meruya Utara 05 Pg.,Kembangan,Jakarta Barat,720,33,-6.197085,106.738205
SDN Meruya Utara 02 Pg.,Kembangan,Jakarta Barat,574,19,-6.199133,106.74144
SDN Srengseng 03 Pg.,Kembangan,Jakarta Barat,292,13,-6.202671,106.756248
SDN Srengseng 05 Pg.,Kembangan,Jakarta Barat,302,15,-6.202805,106.756706
SDN Srengseng 06 Pg.,Kembangan,Jakarta Barat,340,16,-6.202805,106.756706
SDN Srengseng 08 Pt.,Kembangan,Jakarta Barat,269,13,-6.202805,106.756706
SDN Meruya Utara 11 Pt.,Kembangan,Jakarta Barat,260,16,-6.20428,106.738029
SDN Meruya Selatan 01 Pg.,Kembangan,Jakarta Barat,649,29,-6.210932,106.737305
SDN Meruya Selatan 04 Pg.,Kembangan,Jakarta Barat,638,34,-6.211218,106.725937
SDN Meruya Selatan 06 Pg.,Kembangan,Jakarta Barat,348,19,-6.213109,106.74128
SDN Joglo 06 Pg.,Kembangan,Jakarta Barat,328,13,-6.213862,106.755325
SDN Srengseng 01 Pg.,Kembangan,Jakarta Barat,574,24,-6.214897,106.759682
SDN Srengseng 04 Pg.,Kembangan,Jakarta Barat,419,11,-6.214897,106.759682
SDN Meruya Selatan 03 Pg.,Kembangan,Jakarta Barat,513,24,-6.216378,106.727234
SDN Joglo 08 Pg.,Kembangan,Jakarta Barat,302,12,-6.216728,106.724419
SDN Joglo 04 Pt.,Kembangan,Jakarta Barat,303,12,-6.21763,106.732857
SDN Joglo 09 Pg.,Kembangan,Jakarta Barat,661,33,-6.218417,106.719429
SDN Joglo 02 Pt.,Kembangan,Jakarta Barat,311,15,-6.218527,106.734131
SDN Joglo 10 Pg.,Kembangan,Jakarta Barat,383,21,-6.218782,106.727798
SDN Joglo 05 Pg.,Kembangan,Jakarta Barat,406,19,-6.2212,106.7314
SDN Joglo 01 Pg.,Kembangan,Jakarta Barat,390,19,-6.221415,106.731674
SDN Joglo 07 Pt.,Kembangan,Jakarta Barat,348,14,-6.221521,106.732094
SDN Joglo 03 Pg.,Kembangan,Jakarta Barat,395,21,-6.22172,106.731674
SDN Cawang 13 Pg.,Kramat Jati,Jakarta Timur,203,10,-6.250034,106.869354
SDN Cawang 12,Kramat Jati,Jakarta Timur,271,13,-6.250284,106.870537
SDN Cawang 04,Kramat Jati,Jakarta Timur,400,15,-6.250561,106.867989
SDN Cawang 09 Pg.,Kramat Jati,Jakarta Timur,197,10,-6.25402,106.865913
SDN Batu Ampar 06 Pg.,Kramat Jati,Jakarta Timur,421,15,-6.2557,106.863403
SDN Cawang 03 Pg.,Kramat Jati,Jakarta Timur,321,15,-6.256144,106.860977
SDN Cililitan 02 Pg.,Kramat Jati,Jakarta Timur,587,24,-6.26506,106.860527
SDN Cililitan 03 Pg.,Kramat Jati,Jakarta Timur,315,12,-6.265322,106.85482
SDN Batu Ampar 01 Pg.,Kramat Jati,Jakarta Timur,348,17,-6.2668,106.867599
SDN Cililitan 01 Pg.,Kramat Jati,Jakarta Timur,348,14,-6.268515,106.863991
SDN Kramat Jati 13 Pg.,Kramat Jati,Jakarta Timur,235,10,-6.269285,106.868706
SDN Kramat Jati 07 Pg.,Kramat Jati,Jakarta Timur,238,11,-6.269483,106.868729
SDN Batu Ampar 12 Pg.,Kramat Jati,Jakarta Timur,422,14,-6.272235,106.851921
SDN Bale Kambang 01 Pg.,Kramat Jati,Jakarta Timur,372,14,-6.275157,106.852531
SDN Batu Ampar 03 Pg.,Kramat Jati,Jakarta Timur,369,15,-6.278,106.861
SDN Kramat Jati 24 Pg.,Kramat Jati,Jakarta Timur,209,9,-6.278181,106.871216
SDN Batu Ampar 02 Pg.,Kramat Jati,Jakarta Timur,367,14,-6.279088,106.861191
SDN Batu Ampar 13 Pg.,Kramat Jati,Jakarta Timur,367,16,-6.28003,106.857895
SDN Kramat Jati 25 Pg.,Kramat Jati,Jakarta Timur,238,10,-6.281298,106.873474
SDN Batu Ampar 05 Pg.,Kramat Jati,Jakarta Timur,250,11,-6.28403,106.864044
SDN Batu Ampar 11 Pg.,Kramat Jati,Jakarta Timur,411,15,-6.284446,106.858841
SDN Kramat Jati 19 Pg.,Kramat Jati,Jakarta Timur,302,15,-6.2858,106.873001
SDN Kampung Tengah 03 Pg.,Kramat Jati,Jakarta Timur,369,17,-6.285888,106.869232
SDN Batu Ampar 10 Pg.,Kramat Jati,Jakarta Timur,315,13,-6.287543,106.858757
SDN Batu Ampar 09 Pg.,Kramat Jati,Jakarta Timur,240,10,-6.289746,106.857445
SDN Kampung Tengah 08 Pg.,Kramat Jati,Jakarta Timur,220,9,-6.293384,106.862045
SDN Dukuh 05 Pg.,Kramat Jati,Jakarta Timur,394,16,-6.2938,106.886597
SDN Dukuh 09 Pg.,Kramat Jati,Jakarta Timur,338,13,-6.29573,106.87561
SDN Kampung Tengah 07 Pg.,Kramat Jati,Jakarta Timur,615,34,-6.2991,106.868301
SDN Cipinang Melayu 01 Pg.,Makasar,Jakarta Timur,808,32,-6.241513,106.884491
SDN Cipinang Melayu 07 Pg.,Makasar,Jakarta Timur,367,18,-6.245257,106.898315
SDN Cipinang Melayu 08 Pg.,Makasar,Jakarta Timur,424,16,-6.247174,106.90567
SDN Cipinang Melayu 03 Pg.,Makasar,Jakarta Timur,499,25,-6.251451,106.918091
SDN Cipinang Melayu 04 Pg.,Makasar,Jakarta Timur,683,38,-6.25172,106.917252
SDN Cipinang Melayu 09 Pg.,Makasar,Jakarta Timur,492,25,-6.253875,106.914871
SDN Kebon Pala 09 Pg.,Makasar,Jakarta Timur,218,21,-6.25403,106.87571
SDN Kebon Pala 07 Pg.,Makasar,Jakarta Timur,316,16,-6.254203,106.875237
SDN Kebon Pala 14 Pg.,Makasar,Jakarta Timur,212,11,-6.256675,106.881958
SDN Kebon Pala 15 Pg.,Makasar,Jakarta Timur,190,10,-6.256878,106.881905
SDN Kebon Pala 13 Pg.,Makasar,Jakarta Timur,223,16,-6.257476,106.880814
SDN Kebon Pala 12 Pg.,Makasar,Jakarta Timur,283,13,-6.257651,106.881111
SDN Kebon Pala 04 Pg.,Makasar,Jakarta Timur,347,17,-6.260391,106.878365
SDN Kebon Pala 02 Pg.,Makasar,Jakarta Timur,346,13,-6.264039,106.883774
SDN Kebon Pala 01 Pg.,Makasar,Jakarta Timur,417,14,-6.264043,106.88372
SDN Kebon Pala 05,Makasar,Jakarta Timur,572,28,-6.2643,106.883499
SDN Halim 01 Pg.,Makasar,Jakarta Timur,569,32,-6.2672,106.8778
SDN Makasar 09 Pg.,Makasar,Jakarta Timur,396,16,-6.271467,106.875351
SDN Makasar 08 Pg.,Makasar,Jakarta Timur,469,14,-6.271519,106.875328
SDN Makasar 02 Pg.,Makasar,Jakarta Timur,374,15,-6.275088,106.875977
SDN Makasar 01 Pg.,Makasar,Jakarta Timur,356,15,-6.275373,106.875999
SDN Makasar 06 Pg.,Makasar,Jakarta Timur,366,18,-6.278123,106.878746
SDN Pinang Ranti 09 Pg.,Makasar,Jakarta Timur,676,24,-6.27847,106.884285
SDN Makasar 07 Pg.,Makasar,Jakarta Timur,310,14,-6.2794,106.8797
SDN Makasar 05 Pg.,Makasar,Jakarta Timur,353,17,-6.280562,106.879501
SDN Pinang Ranti 08 Pg.,Makasar,Jakarta Timur,294,13,-6.2876,106.880997
SDN Pinang Ranti 05 Pg.,Makasar,Jakarta Timur,391,16,-6.28766,106.881966
SDN Pinang Ranti 07 Pg.,Makasar,Jakarta Timur,286,13,-6.28771,106.880859
SDN Pinang Ranti 04 Pg.,Makasar,Jakarta Timur,340,14,-6.287918,106.881325
SDN Pinang Ranti 01,Makasar,Jakarta Timur,498,21,-6.293159,106.88829
SDN Pinang Ranti 02 Pg.,Makasar,Jakarta Timur,472,23,-6.293889,106.88575
SDN Kuningan Barat 01 Pg.,Mampang Prapatan,Jakarta Selatan,133,9,-6.23872,106.828934
SDN Kuningan Barat 05 Pg.,Mampang Prapatan,Jakarta Selatan,197,9,-6.23872,106.828934
SDN Pela Mampang 01 Pg.,Mampang Prapatan,Jakarta Selatan,417,20,-6.241584,106.815277
SDN Mampang Prapatan 03,Mampang Prapatan,Jakarta Selatan,294,15,-6.242019,106.829437
SDN Pela Mampang 03 Pg.,Mampang Prapatan,Jakarta Selatan,307,19,-6.244224,106.821907
SDN Mampang Prapatan 01 Pg.,Mampang Prapatan,Jakarta Selatan,215,10,-6.2446,106.83506
SDN Tegal Parang 05 Pg.,Mampang Prapatan,Jakarta Selatan,216,13,-6.246326,106.833466
SDN Pela Mampang 08 Pg.,Mampang Prapatan,Jakarta Selatan,244,13,-6.2467,106.814201
SDN Pela Mampang 09,Mampang Prapatan,Jakarta Selatan,272,18,-6.2467,106.814201
SDN Tegal Parang 01 Pg.,Mampang Prapatan,Jakarta Selatan,257,12,-6.248896,106.82991
SDN Pela Mampang 11 Pg.,Mampang Prapatan,Jakarta Selatan,326,10,-6.249021,106.818893
SDN Pela Mampang 13 Pg.,Mampang Prapatan,Jakarta Selatan,274,11,-6.249459,106.815475
SDN Tegal Parang 06 Pg.,Mampang Prapatan,Jakarta Selatan,364,16,-6.251114,106.825043
SDN Pela Mampang 14 Pg.,Mampang Prapatan,Jakarta Selatan,200,9,-6.252469,106.811356
SDN Pela Mampang 07 Pg.,Mampang Prapatan,Jakarta Selatan,244,12,-6.252521,106.82251
SDN Tegal Parang 03 Pg.,Mampang Prapatan,Jakarta Selatan,247,11,-6.253076,106.823982
SDN Bangka 06 Pg.,Mampang Prapatan,Jakarta Selatan,199,10,-6.265088,106.790543
SDN Bangka 05 Pg.,Mampang Prapatan,Jakarta Selatan,179,10,-6.26587,106.820198
SDN Bangka 03 Pg.,Mampang Prapatan,Jakarta Selatan,205,10,-6.26587,106.824791
SDN Bangka 07 Pg.,Mampang Prapatan,Jakarta Selatan,169,9,-6.265916,106.827148
SDN Bangka 01 Pg.,Mampang Prapatan,Jakarta Selatan,292,15,-6.272298,106.819778
SDN Pisangan Baru 05 Pg.,Matraman,Jakarta Timur,229,10,-6.12428,1.06528
SDN Pisangan Baru 01,Matraman,Jakarta Timur,533,25,-6.12513,106.522461
SDN Utan Kayu Utara 11 Pg.,Matraman,Jakarta Timur,206,9,-6.195619,106.86808
SDN Utan Kayu Utara 01 Pg.,Matraman,Jakarta Timur,544,29,-6.196549,106.872673
SDN Utan Kayu Utara 08 Pg.,Matraman,Jakarta Timur,198,10,-6.197778,106.866302
SDN Utan Kayu Selatan 14 Pg.,Matraman,Jakarta Pusat,228,9,-6.198788,106.868958
SDN Utan Kayu Selatan 25 Pg.,Matraman,Jakarta Timur,268,11,-6.199887,106.868858
SDN Utan Kayu Selatan 18 Pg.,Matraman,Jakarta Timur,196,11,-6.200449,106.870468
SDN Utan Kayu Selatan 13 Pg.,Matraman,Jakarta Timur,321,15,-6.2005,106.868698
SDN Kayumanis 04 Pt.,Matraman,Jakarta Timur,163,7,-6.201343,106.861488
SDN Kayumanis 01 Pg.,Matraman,Jakarta Timur,204,7,-6.201361,106.861465
SDN Kayumanis 02 Pt.,Matraman,Jakarta Timur,161,8,-6.201361,106.861465
SDN Kayumanis 03 Pg.,Matraman,Jakarta Timur,207,10,-6.201594,106.861465
SDN Utan Kayu Selatan 17 Pg.,Matraman,Jakarta Barat,297,18,-6.203011,106.8647
SDN Utan Kayu Selatan 05,Matraman,Jakarta Timur,400,20,-6.203397,106.869278
SDN Utan Kayu Selatan 02 Pt.,Matraman,Jakarta Timur,159,10,-6.204499,106.865692
SDN Utan Kayu Selatan 04 Pt.,Matraman,Jakarta Timur,140,8,-6.204574,106.867523
SDN Utan Kayu Selatan 20 Pg.,Matraman,Jakarta Timur,200,8,-6.206,106.862
SDN Palmeriam 03 Pg.,Matraman,Jakarta Timur,265,13,-6.206429,106.860008
SDN Palmeriam 02 Pt.,Matraman,Jakarta Timur,216,9,-6.206492,106.860268
SDN Utan Kayu Selatan 09 Pg.,Matraman,Jakarta Timur,235,9,-6.206536,106.870323
SDN Palmeriam 01 Pg.,Matraman,Jakarta Timur,232,11,-6.206833,106.857803
SDN Utan Kayu Selatan 11 Pg.,Matraman,Jakarta Timur,189,12,-6.207669,106.870987
SDN Kebon Manggis 11 Pg.,Matraman,Jakarta Timur,252,13,-6.208749,106.851692
SDN Pisangan Baru 13 Pg.,Matraman,Jakarta Timur,218,12,-6.209085,106.870468
SDN Pisangan Baru 07 Pg.,Matraman,Jakarta Timur,687,32,-6.210794,106.868813
SDN Pisangan Baru 11 Pg.,Matraman,Jakarta Timur,186,9,-6.212976,106.871101
SDN Pisangan Baru 10 Pt.,Matraman,Jakarta Timur,173,9,-6.213635,106.871155
SDN Gondangdia 05 Pg.,Menteng,Jakarta Pusat,161,10,-6.114293,106.501831
SDN Kebon Sirih 01 Pg.,Menteng,Jakarta Pusat,178,10,-6.182791,106.830284
SDN Kebon Sirih 04 Pg.,Menteng,Jakarta Pusat,237,12,-6.185853,106.825172
SDN Cikini 01 Pg.,Menteng,Jakarta Pusat,199,12,-6.193995,106.842293
SDN Cikini 02,Menteng,Jakarta Pusat,443,19,-6.194128,106.841919
SDN Gondangdia 01 Pg.,Menteng,Jakarta Pusat,334,17,-6.194487,106.828781
SDN Gondangdia 03 Pg.,Menteng,Jakarta Pusat,240,15,-6.195226,106.838341
SDN Pegangsaan 01 Pg.,Menteng,Jakarta Pusat,427,21,-6.19791,106.842247
SDNP Menteng 03 Pg.,Menteng,Jakarta Pusat,355,18,-6.19821,106.837646
SDN Menteng 01 Pg.,Menteng,Jakarta Pusat,398,21,-6.198345,106.829025
SDNP Menteng 02 Pg.,Menteng,Jakarta Pusat,468,26,-6.204155,106.837631
SDN Ancol 01 Pg.,Pademangan,Jakarta Utara,489,19,-6.125629,106.82402
SDN Ancol 03,Pademangan,Jakarta Utara,623,26,-6.125975,106.814819
SDN Pademangan Barat 09 Pg.,Pademangan,Jakarta Utara,267,14,-6.131536,106.832077
SDN Pademangan Timur 09 Pg.,Pademangan,Jakarta Utara,738,24,-6.132032,106.844955
SDN Pademangan Timur 03 Pg.,Pademangan,Jakarta Utara,529,20,-6.13208,106.843277
SDN Pademangan Timur 05 Pg.,Pademangan,Jakarta Utara,418,15,-6.13208,106.843277
SDN Pademangan Timur 06 Pg.,Pademangan,Jakarta Utara,301,14,-6.13208,106.843277
SDN Pademangan Timur 08 Pt.,Pademangan,Jakarta Utara,287,12,-6.132828,106.843864
SDN Pademangan Timur 07 Pt.,Pademangan,Jakarta Utara,373,9,-6.132854,106.844048
SDN Pademangan Barat 10 Pt.,Pademangan,Jakarta Utara,282,13,-6.13504,106.839172
SDN Pademangan Barat 01 Pg.,Pademangan,Jakarta Utara,539,23,-6.135637,106.833679
SDN Pademangan Barat 11 Pg.,Pademangan,Jakarta Utara,612,28,-6.135879,106.839882
SDN Pademangan Barat 07 Pg.,Pademangan,Jakarta Utara,532,23,-6.136181,106.833359
SDN Pademangan Barat 05 Pg.,Pademangan,Jakarta Utara,193,11,-6.137169,106.837212
SDN Pademangan Timur 01 Pg.,Pademangan,Jakarta Utara,510,20,-6.137259,106.84346
SDN Pademangan Barat 12 Pg.,Pademangan,Jakarta Utara,292,15,-6.138873,106.83551
SDN Pademangan Barat 03 Pg.,Pademangan,Jakarta Utara,300,15,-6.138974,106.83551
SDN Pademangan Barat 13 Pt.,Pademangan,Jakarta Utara,297,14,-6.139006,106.835365
SDN Pademangan Barat 04 Pt.,Pademangan,Jakarta Utara,230,14,-6.139089,106.835167
SDN Jati Pulo 05 Pg.,Palmerah,Jakarta Barat,255,10,-6.176789,106.803856
SDN Jati Pulo 06 Pg.,Palmerah,Jakarta Barat,315,7,-6.176789,106.803856
SDN Jati Pulo 07 Pg.,Palmerah,Jakarta Barat,371,14,-6.179298,106.798996
SDN Jati Pulo 03 Pg.,Palmerah,Jakarta Barat,337,12,-6.17978,106.808342
SDN Jati Pulo 04 Pt.,Palmerah,Jakarta Barat,187,7,-6.17978,106.808342
SDN Jati Pulo 08 Pg.,Palmerah,Jakarta Barat,282,15,-6.180395,106.798859
SDN Kota Bambu 02 Pt.,Palmerah,Jakarta Barat,355,12,-6.18323,106.809448
SDN Kota Bambu 01 Pg.,Palmerah,Jakarta Barat,415,18,-6.183332,106.809235
SDN Kota Bambu 07 Pg.,Palmerah,Jakarta Barat,290,8,-6.187249,106.810234
SDN Kemanggisan 14,Palmerah,Jakarta Barat,325,17,-6.1882,106.794098
SDN Kota Bambu 03 Pg.,Palmerah,Jakarta Barat,718,27,-6.188209,106.808159
SDN Kota Bambu 04,Palmerah,Jakarta Barat,362,13,-6.188209,106.808159
SDN Kemanggisan 18 Pt.,Palmerah,Jakarta Barat,79,8,-6.191889,106.784042
SDN Kemanggisan 17 Pg.,Palmerah,Jakarta Barat,448,18,-6.19189,106.784065
SDN Slipi 11 Pg.,Palmerah,Jakarta Barat,337,18,-6.191948,106.800385
SDN Kemanggisan 01 Pg.,Palmerah,Jakarta Barat,321,17,-6.193239,106.7948
SDN Kemanggisan 06 Pg.,Palmerah,Jakarta Barat,351,13,-6.19324,106.7948
SDN Kemanggisan 03 Pg.,Palmerah,Jakarta Barat,310,15,-6.193279,106.794815
SDN Kemanggisan 05 Pg.,Palmerah,Jakarta Barat,249,16,-6.193282,106.794823
SDN Kemanggisan 12,Palmerah,Jakarta Barat,250,17,-6.193733,106.791283
SDN Kemanggisan 10 Pg.,Palmerah,Jakarta Barat,273,12,-6.193734,106.79142
SDN Slipi 15 Pg.,Palmerah,Jakarta Barat,218,14,-6.19433,106.800865
SDN Slipi 18 Pg.,Palmerah,Jakarta Barat,172,11,-6.19433,106.800865
SDN Palmerah 15 Pg.,Palmerah,Jakarta Barat,364,18,-6.195689,106.789207
SDN Palmerah 17 Pg.,Palmerah,Jakarta Barat,368,19,-6.195689,106.789207
SDN Slipi 01,Palmerah,Jakarta Barat,634,25,-6.195798,106.804588
SDN Slipi 07 Pg.,Palmerah,Jakarta Barat,643,28,-6.1958,106.803543
SDN Kemanggisan 08 Pg.,Palmerah,Jakarta Barat,216,11,-6.196064,106.794426
SDN Palmerah 25 Pg.,Palmerah,Jakarta Barat,385,15,-6.201259,106.791229
SDN Palmerah 23 Pg.,Palmerah,Jakarta Barat,331,16,-6.202509,106.786987
SDN Palmerah 21 Pg.,Palmerah,Jakarta Barat,282,11,-6.203432,106.784622
SDN Palmerah 22 Pg.,Palmerah,Jakarta Barat,322,11,-6.203432,106.784622
SDN Palmerah 20 Pg.,Palmerah,Jakarta Barat,236,14,-6.20355,106.785004
SDN Palmerah 19 Pg.,Palmerah,Jakarta Barat,312,15,-6.203663,106.78421
SDN Palmerah 07 Pg.,Palmerah,Jakarta Barat,287,12,-6.20513,106.796097
SDN Palmerah 01 Pg.,Palmerah,Jakarta Barat,213,11,-6.205159,106.796051
SDN Palmerah 03 Pg.,Palmerah,Jakarta Barat,226,14,-6.205159,106.796051
SDN Palmerah 05 Pg.,Palmerah,Jakarta Barat,156,14,-6.205159,106.796051
SDN Palmerah 13 Pg.,Palmerah,Jakarta Barat,474,20,-6.205939,106.791
SDN Palmerah 09 Pg.,Palmerah,Jakarta Barat,415,17,-6.207812,106.788246
SDN Jati Pulo 01 Pg.,Palmerah,Jakarta Barat,375,18,-6.234892,106.814201
SDN Cikoko 01 Pg.,Pancoran,Jakarta Selatan,291,13,-6.245628,106.858185
SDN Cikoko 03 Pg.,Pancoran,Jakarta Selatan,419,20,-6.246214,106.85347
SDN Pancoran 01 Pg.,Pancoran,Jakarta Selatan,363,17,-6.247253,106.847984
SDN Pancoran 10 Pg.,Pancoran,Jakarta Selatan,279,12,-6.2473,106.835701
SDN Pancoran 07 Pg.,Pancoran,Jakarta Selatan,240,11,-6.247445,106.836182
SDN Pancoran 05 Pg.,Pancoran,Jakarta Selatan,166,8,-6.247517,106.847961
SDN Pancoran 03 Pg.,Pancoran,Jakarta Selatan,185,8,-6.247607,106.848038
SDN Pancoran 08,Pancoran,Jakarta Selatan,309,12,-6.248605,106.83754
SDN Pengadegan 07,Pancoran,Jakarta Selatan,326,16,-6.25063,106.852905
SDN Duren Tiga 01 Pg.,Pancoran,Jakarta Selatan,308,13,-6.25383,106.840004
SDN Duren Tiga 05 Pg.,Pancoran,Jakarta Selatan,326,18,-6.254799,106.836823
SDN Duren Tiga 07 Pg.,Pancoran,Jakarta Selatan,163,10,-6.254919,106.828201
SDN Duren Tiga 09 Pg.,Pancoran,Jakarta Selatan,304,15,-6.25558,106.831787
SDN Duren Tiga 13 Pg.,Pancoran,Jakarta Selatan,355,18,-6.259149,106.834663
SDN Duren Tiga 14 Pg.,Pancoran,Jakarta Selatan,173,11,-6.259345,106.834709
SDN Rawajati 06 Pg.,Pancoran,Jakarta Selatan,144,10,-6.260243,106.852287
SDN Kalibata 07 Pg.,Pancoran,Jakarta Selatan,336,18,-6.260254,106.847359
SDN Rawajati 03 Pg.,Pancoran,Jakarta Selatan,384,16,-6.260931,106.856712
SDN Kalibata 04 Pg.,Pancoran,Jakarta Selatan,292,17,-6.260974,106.843422
SDN Rawajati 01 Pg.,Pancoran,Jakarta Selatan,324,17,-6.260974,106.843422
SDN Rawajati 05 Pg.,Pancoran,Jakarta Selatan,337,17,-6.261314,106.85701
SDN Rawajati 07 Pg.,Pancoran,Jakarta Selatan,291,13,-6.261902,106.858513
SDN Kalibata 11 Pg.,Pancoran,Jakarta Selatan,416,24,-6.26193,106.841835
SDN Rawajati 08 Pg.,Pancoran,Jakarta Selatan,343,16,-6.266115,106.853111
SDN Pejaten Timur 11 Pg.,Pasar Minggu,Jakarta Selatan,625,27,-6.16,106.5
SDN Pejaten Timur 17 Pg.,Pasar Minggu,Jakarta Selatan,194,7,-6.265686,106.846588
SDN Pejaten Timur 18 Pg.,Pasar Minggu,Jakarta Selatan,186,10,-6.265888,106.846977
SDN Pejaten Barat 12 Pg.,Pasar Minggu,Jakarta Selatan,263,12,-6.2687,106.840302
SDN Pejaten Timur 15 Pg.,Pasar Minggu,Jakarta Selatan,157,10,-6.269554,106.847961
SDN Pejaten Timur 05 Pg.,Pasar Minggu,Jakarta Selatan,355,15,-6.269832,106.837547
SDN Pejaten Barat 09 Pg.,Pasar Minggu,Jakarta Selatan,224,9,-6.273716,106.836327
SDN Pejaten Timur 07 Pg.,Pasar Minggu,Jakarta Selatan,452,19,-6.277201,106.846191
SDN Cilandak Timur 05 Pg.,Pasar Minggu,Jakarta Selatan,542,23,-6.284148,106.814392
SDN Jatipadang 01,Pasar Minggu,Jakarta Selatan,167,25,-6.284338,106.83696
SDN Jati Padang 05 Pg.,Pasar Minggu,Jakarta Selatan,469,21,-6.285674,106.835022
SDN Pasar Minggu 02 Pg.,Pasar Minggu,Jakarta Selatan,347,16,-6.286157,106.834679
SDN Ragunan 10 Pg.,Pasar Minggu,Jakarta Selatan,228,12,-6.29162,106.824287
SDN Pasar Minggu 04 Pg.,Pasar Minggu,Jakarta Selatan,274,12,-6.292007,106.838776
SDN Ragunan 01 Pg.,Pasar Minggu,Jakarta Selatan,595,31,-6.292425,106.82251
SDN Pejaten Timur 06 Pt.,Pasar Minggu,Jakarta Selatan,243,14,-6.2941,106.849297
SDN Pejaten Timur 01 Pg.,Pasar Minggu,Jakarta Selatan,346,16,-6.295812,106.844345
SDN Pasar Minggu 01 Pg.,Pasar Minggu,Jakarta Selatan,232,12,-6.2977,106.834297
SDN Pasar Minggu 03 Pg.,Pasar Minggu,Jakarta Selatan,248,11,-6.298683,106.834488
SDN Pasar Minggu 06 Pt.,Pasar Minggu,Jakarta Selatan,161,10,-6.298683,106.834488
SDN Ragunan 09 Pg.,Pasar Minggu,Jakarta Selatan,254,17,-6.300526,106.819946
SDN Ragunan 11 Pt.,Pasar Minggu,Jakarta Selatan,151,10,-6.300549,106.81974
SDN Cilandak Timur 03 Pg.,Pasar Minggu,Jakarta Selatan,470,30,-6.305376,106.812355
SDN Cilandak Timur 01 Pg.,Pasar Minggu,Jakarta Selatan,379,17,-6.306189,106.813507
SDN Cilandak Timur 02 Pt.,Pasar Minggu,Jakarta Selatan,356,15,-6.306189,106.813507
SDN Kebagusan 03 Pg.,Pasar Minggu,Jakarta Selatan,380,18,-6.307308,106.836433
SDN Baru 06 Pg.,Pasar Rebo,Jakarta Timur,323,15,-6.11924,106.510696
SDN Cijantung 02 Pg.,Pasar Rebo,Jakarta Timur,626,25,-6.19,106.510002
SDN Kalisari 01 Pg.,Pasar Rebo,Jakarta Timur,273,16,-6.2009,106.51017
SDN Kalisari 08 Pt.,Pasar Rebo,Jakarta Timur,261,11,-6.208763,106.511703
SDN Gedong 03,Pasar Rebo,Jakarta Timur,892,34,-6.296827,106.859062
SDN Gedong 10 Pg.,Pasar Rebo,Jakarta Timur,378,17,-6.296838,106.863304
SDN Gedong 05 Pg.,Pasar Rebo,Jakarta Timur,525,24,-6.297351,106.859169
SDN Gedong 08 Pg.,Pasar Rebo,Jakarta Timur,385,23,-6.30176,106.866524
SDN Gedong 11 Pg.,Pasar Rebo,Jakarta Timur,207,12,-6.301928,106.867004
SDN Cijantung 07 Pg.,Pasar Rebo,Jakarta Timur,558,23,-6.306298,106.866158
SDN Cijantung 06 Pg.,Pasar Rebo,Jakarta Timur,266,23,-6.3063,106.866203
SDN Cijantung 03 Pg.,Pasar Rebo,Jakarta Timur,385,19,-6.319372,106.851471
SDN Baru 01 Pg.,Pasar Rebo,Jakarta Timur,342,14,-6.320248,106.850479
SDN Baru 02 Pg.,Pasar Rebo,Jakarta Timur,405,16,-6.32092,106.850166
SDN Baru 07 Pg.,Pasar Rebo,Jakarta Timur,445,17,-6.321284,106.851227
SDN Baru 05 Pg.,Pasar Rebo,Jakarta Timur,316,12,-6.323862,106.852234
SDN Baru 03 Pg.,Pasar Rebo,Jakarta Timur,515,24,-6.324795,106.853813
SDN Cijantung 05 Pg.,Pasar Rebo,Jakarta Timur,311,15,-6.325088,10.856421
SDN Cijantung 01 Pg.,Pasar Rebo,Jakarta Timur,240,14,-6.325913,106.855942
SDN Cijantung 11 Pt.,Pasar Rebo,Jakarta Timur,189,9,-6.325913,106.855942
SDN Baru 08 Pg.,Pasar Rebo,Jakarta Timur,415,17,-6.328063,106.84761
SDN Kalisari 04 Pg.,Pasar Rebo,Jakarta Timur,302,12,-6.334044,106.852562
SDN Kalisari 05 Pg.,Pasar Rebo,Jakarta Timur,1058,43,-6.336865,16.854906
SDN Pekayon 01 Pg.,Pasar Rebo,Jakarta Timur,462,24,-6.340185,106.870033
SDN Pekayon 10 Pg.,Pasar Rebo,Jakarta Timur,397,19,-6.341362,106.860878
SDN Pekayon 03 Pg.,Pasar Rebo,Jakarta Timur,606,24,-6.345138,106.860352
SDN Pekayon 15 Pg.,Pasar Rebo,Jakarta Timur,402,18,-6.346334,106.85376
SDN Pekayon 12 Pg.,Pasar Rebo,Jakarta Timur,392,23,-6.351777,106.865471
SDN Kamal Muara 01 Pg.,Penjaringan,Jakarta Utara,668,33,-6.094195,106.720795
SDN Pluit 05 Pg.,Penjaringan,Jakarta Utara,639,24,-6.111789,106.770714
SDN Pluit 03 Pg.,Penjaringan,Jakarta Utara,632,18,-6.1118,106.770699
SDN Penjaringan 01,Penjaringan,Jakarta Utara,766,26,-6.123778,106.80426
SDN Penjaringan 03,Penjaringan,Jakarta Utara,636,25,-6.124841,106.803017
SDN Penjaringan 04 Pg.,Penjaringan,Jakarta Utara,769,30,-6.124841,106.803017
SDN Pluit 01 Pg.,Penjaringan,Jakarta Utara,384,18,-6.124895,106.790871
SDN Pejagalan 09 Pg.,Penjaringan,Jakarta Utara,540,28,-6.133401,106.781006
SDN Penjaringan 10 Pg.,Penjaringan,Jakarta Utara,374,16,-6.133639,106.796967
SDN Penjaringan 09 Pt.,Penjaringan,Jakarta Utara,323,15,-6.133653,106.796936
SDN Penjaringan 08 Pg.,Penjaringan,Jakarta Utara,395,16,-6.133759,106.796936
SDN Penjaringan 06 Pg.,Penjaringan,Jakarta Utara,362,15,-6.133978,106.796982
SDN Penjaringan 07,Penjaringan,Jakarta Utara,698,30,-6.133978,106.796982
SDN Kapuk Muara 01 Pg.,Penjaringan,Jakarta Utara,594,24,-6.136765,106.775238
SDN Kapuk Muara 03 Pg.,Penjaringan,Jakarta Utara,782,61,-6.138216,106.763504
SDN Pejagalan 07 Pg.,Penjaringan,Jakarta Utara,674,24,-6.138271,106.777229
SDN Pejagalan 01,Penjaringan,Jakarta Utara,556,21,-6.138328,106.777267
SDN Pejagalan 05,Penjaringan,Jakarta Utara,555,24,-6.13833,106.777252
SDN Pejagalan 03,Penjaringan,Jakarta Utara,563,23,-6.138332,106.777267
SDN Petukangan Utara 06 Pg.,Pesanggrahan,Jakarta Selatan,443,20,-6.2243,106.758003
SDN Petukangan Utara 07 Pg.,Pesanggrahan,Jakarta Selatan,403,21,-6.224732,106.758087
SDN Petukangan Utara 02,Pesanggrahan,Jakarta Selatan,500,15,-6.226933,106.753502
SDN Petukangan Utara 05 Pg.,Pesanggrahan,Jakarta Selatan,534,24,-6.228246,106.749245
SDN Ulujami 02,Pesanggrahan,Jakarta Selatan,565,24,-6.23134,106.758247
SDN Petukangan Utara 08 Pg.,Pesanggrahan,Jakarta Selatan,439,21,-6.232253,106.74868
SDN Ulujami 04 Pg.,Pesanggrahan,Jakarta Selatan,391,22,-6.23246,106.761864
SDN Petukangan Utara 09 Pg.,Pesanggrahan,Jakarta Selatan,465,25,-6.232592,106.747093
SDN Petukangan Selatan 05,Pesanggrahan,Jakarta Selatan,722,34,-6.243082,106.749237
SDN Petukangan Selatan 03,Pesanggrahan,Jakarta Selatan,527,25,-6.243146,106.749413
SDN Petukangan Selatan 02 Pg.,Pesanggrahan,Jakarta Selatan,508,23,-6.243889,106.760185
SDN Ulujami 05 Pg.,Pesanggrahan,Jakarta Selatan,403,18,-6.246404,106.768356
SDN Pesanggrahan 05 Pg.,Pesanggrahan,Jakarta Selatan,340,16,-6.252856,106.75985
SDN Pesanggrahan 09 Pg.,Pesanggrahan,Jakarta Selatan,432,20,-6.253026,106.759697
SDN Pesanggrahan 04 Pg.,Pesanggrahan,Jakarta Selatan,467,21,-6.2546,106.757401
SDN Bintaro 02 Pg.,Pesanggrahan,Jakarta Selatan,937,41,-6.255002,106.764748
SDN Bintaro 01 Pg.,Pesanggrahan,Jakarta Selatan,595,24,-6.257766,106.763779
SDN Pesanggrahan 10 Pg.,Pesanggrahan,Jakarta Selatan,379,19,-6.2593,106.757202
SDN Pesanggrahan 03,Pesanggrahan,Jakarta Selatan,631,27,-6.26096,106.758369
SDN Bintaro 05 Pg.,Pesanggrahan,Jakarta Selatan,473,14,-6.261294,106.772072
SDN Ulujami 01 Pg.,Pesanggrahan,Jakarta Selatan,369,14,-6.2645,106.768097
SDN Bintaro 03 Pg.,Pesanggrahan,Jakarta Selatan,324,21,-6.264622,106.7593
SDN Pesanggrahan 02 Pg.,Pesanggrahan,Jakarta Selatan,623,28,-6.268547,106.805992
SDN Bintaro 04 Pg.,Pesanggrahan,Jakarta Selatan,397,18,-6.269818,106.757034
SDN Bintaro 13 Pg.,Pesanggrahan,Jakarta Selatan,402,19,-6.27249,106.760597
SDN Bintaro 12 Pg.,Pesanggrahan,Jakarta Selatan,408,18,-6.272493,106.760597
SDN Bintaro 14 Pg.,Pesanggrahan,Jakarta Selatan,445,20,-6.28065,106.766762
SDN Bintaro 09 Pg.,Pesanggrahan,Jakarta Selatan,403,17,-6.284549,106.763229
SDN Bintaro 08 Pg.,Pesanggrahan,Jakarta Selatan,434,19,-6.284674,106.763252
SDN Kayu Putih 09 Pg.,Pulo Gadung,Jakarta Timur,357,16,-6.174227,106.88195
SDN Pulogadung 03 Pg.,Pulo Gadung,Jakarta Timur,637,28,-6.182683,106.906303
SDN Kayu Putih 03 Pg.,Pulo Gadung,Jakarta Timur,572,33,-6.186729,106.884155
SDN Jati 03 Pg.,Pulo Gadung,Jakarta Timur,589,30,-6.190969,106.89431
SDN Jatinegara Kaum 01 Pg.,Pulo Gadung,Jakarta Timur,399,20,-6.198042,106.904861
SDN Jati 05 Pg.,Pulo Gadung,Jakarta Timur,328,17,-6.199447,106.897751
SDN Jatinegara Kaum 15 Pg.,Pulo Gadung,Jakarta Timur,285,13,-6.201952,106.901482
SDN Cipinang 01 Pg.,Pulo Gadung,Jakarta Timur,371,15,-6.203084,106.888176
SDN Pisangan Timur 10 Pg.,Pulo Gadung,Jakarta Timur,179,10,-6.203622,106.881721
SDN Jatinegara Kaum 14 Pg.,Pulo Gadung,Jakarta Timur,213,11,-6.2041,106.900299
SDN Pisangan Timur 18 Pg.,Pulo Gadung,Jakarta Timur,364,17,-6.204116,106.882111
SDN Jatinegara Kaum 05 Pg.,Pulo Gadung,Jakarta Timur,376,17,-6.208309,106.899666
SDN Jatinegara Kaum 06 Pg.,Pulo Gadung,Jakarta Timur,447,18,-6.208397,106.89949
SDN Pisangan Timur 13 Pg.,Pulo Gadung,Jakarta Timur,514,23,-6.2087,106.876297
SDN Jatinegara Kaum 07 Pg.,Pulo Gadung,Jakarta Timur,365,16,-6.208816,106.89801
SDN Jatinegara Kaum 11 Pg.,Pulo Gadung,Jakarta Timur,323,13,-6.209115,106.897301
SDN Cipinang 03 Pg.,Pulo Gadung,Jakarta Timur,456,16,-6.2095,106.8965
SDN Cipinang 05 Pg.,Pulo Gadung,Jakarta Timur,385,16,-6.211447,106.889999
SDN Kramat 03 Pg.,Senen,Jakarta Pusat,272,13,-6.168865,106.847862
SDN Bungur 01 Pg.,Senen,Jakarta Pusat,399,18,-6.169588,106.850441
SDN Bungur 03,Senen,Jakarta Pusat,477,20,-6.169588,106.850441
SDN Senen 03 Pg.,Senen,Jakarta Pusat,190,11,-6.17841,106.839355
SDN Kramat 05 Pg.,Senen,Jakarta Pusat,171,9,-6.179254,106.845581
SDN Kramat 01,Senen,Jakarta Pusat,315,17,-6.180904,106.845299
SDN Kwitang 01 Pg.,Senen,Jakarta Pusat,192,10,-6.18487,106.842865
SDN Kwitang 02 Pt.,Senen,Jakarta Pusat,163,7,-6.185048,106.842484
SDN Kenari 04 Pt.,Senen,Jakarta Pusat,128,8,-6.185431,106.843071
SDN Kenari 03 Pg.,Senen,Jakarta Pusat,191,10,-6.185452,106.843018
SDN Kenari 05 Pg.,Senen,Jakarta Pusat,199,11,-6.185495,106.842995
SDN Kenari 06 Pt.,Senen,Jakarta Pusat,118,9,-6.185899,106.842339
SDN Kenari 02 Pt.,Senen,Jakarta Pusat,151,10,-6.185953,106.84227
SDN Kenari 01 Pg.,Senen,Jakarta Pusat,195,11,-6.185996,106.842201
SDN Kramat 06 Pg.,Senen,Jakarta Pusat,268,11,-6.18694,106.852341
SDN Kramat 07 Pt.,Senen,Jakarta Pusat,226,11,-6.187007,106.850494
SDN Kramat 09 Pt.,Senen,Jakarta Pusat,199,11,-6.187701,106.847267
SDN Kramat 08 Pg.,Senen,Jakarta Pusat,195,10,-6.18779,106.846626
SDN Paseban 01 Pg.,Senen,Jakarta Pusat,189,11,-6.189097,106.8526
SDN Paseban 05 Pg.,Senen,Jakarta Timur,395,17,-6.191216,106.854164
SDN Paseban 18 Pg.,Senen,Jakarta Pusat,397,17,-6.192473,106.84964
SDN Paseban 09 Pg.,Senen,Jakarta Pusat,150,11,-6.193608,106.850899
SDN Paseban 11 Pg.,Senen,Jakarta Pusat,208,11,-6.193608,106.850899
SDN Paseban 07 Pg.,Senen,Jakarta Pusat,210,11,-6.193627,106.854805
SDN Kenari 07 Pg.,Senen,Jakarta Pusat,531,28,-6.193979,106.849358
SDN Paseban 03 Pg.,Senen,Jakarta Pusat,337,16,-6.195088,106.851486
SDN Paseban 15 Pg.,Senen,Jakarta Pusat,192,10,-6.19509,106.851486
SDN Kenari 08 Pg.,Senen,Jakarta Pusat,476,25,-6.198405,106.85009
SDN Mangga Dua Selatan 05 Pg.,Sawah Besar,Jakarta Pusat,303,13,-6.136359,106.82782
SDN Mangga Dua Selatan 03 Pg.,Sawah Besar,Jakarta Pusat,204,9,-6.141638,106.83004
SDN Mangga Dua Selatan 01 Pg.,Sawah Besar,Jakarta Pusat,405,18,-6.141644,106.830055
SDN Gunung Sahari Utara 01 Pagi.,Sawah Besar,Jakarta Pusat,213,12,-6.145724,106.839691
SDN Kartini 01,Sawah Besar,Jakarta Pusat,405,19,-6.150228,106.831505
SDN Karang Anyar 04 Pt.,Sawah Besar,Jakarta Pusat,180,10,-6.151332,106.827477
SDN Karang Anyar 03 Pg.,Sawah Besar,Jakarta Pusat,308,9,-6.151353,106.827461
SDN Karang Anyar 07 Pg.,Sawah Besar,Jakarta Pusat,270,14,-6.15337,106.830338
SDN Karang Anyar 05 Pg.,Sawah Besar,Jakarta Pusat,226,12,-6.155942,106.829323
SDN Karang Anyar 06 Pt.,Sawah Besar,Jakarta Pusat,158,8,-6.156018,106.828201
SDN Karang Anyar 08 Pg.,Sawah Besar,Jakarta Pusat,211,12,-6.156103,106.828217
SDN Karang Anyar 01 Pg.,Sawah Besar,Jakarta Pusat,194,7,-6.157177,106.855461
SDN Pasar Baru 01 Pg.,Sawah Besar,Jakarta Pusat,318,14,-6.158318,106.834236
SDN Pasar Baru 03 Pg.,Sawah Besar,Jakarta Pusat,396,22,-6.158318,106.834236
SDN Pasar Baru 05 Pg.,Sawah Besar,Jakarta Pusat,285,16,-6.158318,106.834236
SDN Pasar Baru 11 Pg.,Sawah Besar,Jakarta Pusat,365,17,-6.159711,106.828667
SDN Pasar Baru 07,Sawah Besar,Jakarta Pusat,443,19,-6.160678,106.831902
SDN Karang Anyar 02 Pt.,Sawah Besar,Jakarta Pusat,141,8,-6.161904,106.855782
SDN Guntur 03 Pg.,Setia Budi,Jakarta Selatan,456,20,-6.206361,106.833275
SDN Guntur 08 Pg.,Setia Budi,Jakarta Selatan,178,9,-6.206588,106.836899
SDN Pasar Manggis 03 Pg.,Setia Budi,Jakarta Selatan,616,29,-6.210603,106.840836
SDN Menteng Atas 06 Pg.,Setia Budi,Jakarta Selatan,229,11,-6.21064,106.837074
SDN Menteng Atas 05 Pg.,Setia Budi,Jakarta Selatan,290,16,-6.21071,106.837044
SDN Setiabudi 01 Pg.,Setia Budi,Jakarta Selatan,160,10,-6.211875,106.844231
SDN Menteng Atas 01 Pg.,Setia Budi,Jakarta Selatan,295,14,-6.215135,106.8451
SDN Karet 05 Pg.,Setia Budi,Jakarta Selatan,169,9,-6.215883,106.82476
SDN Karet 01 Pg.,Setia Budi,Jakarta Selatan,147,8,-6.2159,106.822197
SDN Karet Kuningan 01 Pg.,Setia Budi,Jakarta Selatan,175,11,-6.216853,106.822136
SDN Menteng Atas 14 Pg.,Setia Budi,Jakarta Selatan,293,12,-6.217364,106.840996
SDN Menteng Atas 18 Pt.,Setia Budi,Jakarta Selatan,120,8,-6.217364,106.840996
SDN Karet Kuningan 04 Pt.,Setia Budi,Jakarta Selatan,80,8,-6.217425,106.827049
SDN Menteng Atas 11 Pg.,Setia Budi,Jakarta Selatan,552,28,-6.2177,106.840599
SDN Menteng Atas 19 Pg.,Setia Budi,Jakarta Selatan,250,13,-6.219487,106.845062
SDN Karet Kuningan 03 Pg.,Setia Budi,Jakarta Selatan,219,10,-6.219551,106.829163
SDN Menteng Atas 21 Pg.,Setia Budi,Jakarta Selatan,277,11,-6.221657,106.837891
SDN Kuningan Timur 01 Pg.,Setia Budi,Jakarta Selatan,151,11,-6.230605,106.820892
SDN Karet 04 Pg.,Setia Budi,Jakarta Selatan,205,8,-6.26028,106.82505
SDN Karet 06 Pg.,Setia Budi,Jakarta Selatan,189,9,-6.2685,106.806
SDN Manggarai 03 Pg.,Tebet,Jakarta Selatan,276,13,-6.21231,106.853775
SDN Manggarai 05 Pg.,Tebet,Jakarta Selatan,409,16,-6.213647,106.846916
SDN Manggarai 06 Pt.,Tebet,Jakarta Selatan,162,7,-6.215562,106.848206
SDN Manggarai 07 Pg.,Tebet,Jakarta Selatan,381,16,-6.215562,106.848206
SDN Manggarai 09 Pg.,Tebet,Jakarta Selatan,227,12,-6.215984,106.854996
SDN Manggarai 11 Pg.,Tebet,Jakarta Selatan,168,9,-6.215988,106.855125
SDN Manggarai 13 Pg.,Tebet,Jakarta Selatan,105,8,-6.215988,106.855125
SDN Manggarai 17 Pg.,Tebet,Jakarta Selatan,158,9,-6.216162,106.854973
SDN Manggarai 19 Pg.,Tebet,Jakarta Selatan,151,10,-6.216162,106.854973
SDN Manggarai Selatan 01 Pg.,Tebet,Jakarta Selatan,299,14,-6.218002,106.846283
SDN Bukit Duri 09 Pg.,Tebet,Jakarta Selatan,264,11,-6.219309,106.859184
SDN Bukit Duri 10 Pt.,Tebet,Jakarta Selatan,252,19,-6.219408,106.859444
SDN Bukit Duri 11 Pg.,Tebet,Jakarta Selatan,222,12,-6.219408,106.859444
SDN Bukit Duri 05 Pg.,Tebet,Jakarta Selatan,663,28,-6.220067,106.853455
SDN Bukit Duri 03 Pg.,Tebet,Jakarta Selatan,659,26,-6.220085,106.853447
SDN Bukit Duri 01 Pg.,Tebet,Jakarta Selatan,285,11,-6.2228,106.858299
SDN Manggarai Selatan 03 Pg.,Tebet,Jakarta Selatan,283,17,-6.223017,106.851944
SDN Menteng Dalam 01,Tebet,Jakarta Selatan,574,30,-6.224457,106.841232
SDN Tebet Barat 05 Pg.,Tebet,Jakarta Selatan,390,26,-6.224686,106.849754
SDN Tebet Timur 07,Tebet,Jakarta Selatan,536,24,-6.22497,106.853348
SDN Kebon Baru 05,Tebet,Jakarta Selatan,351,17,-6.227867,106.860054
SDN Tebet Timur 15 Pg.,Tebet,Jakarta Selatan,221,12,-6.228433,106.858231
SDN Tebet Timur 17 Pg.,Tebet,Jakarta Selatan,113,10,-6.230185,106.855507
SDN Tebet Timur 19 Pg.,Tebet,Jakarta Selatan,185,13,-6.230185,106.855507
SDN Kebon Baru 07 Pg.,Tebet,Jakarta Selatan,321,15,-6.231908,106.858673
SDN Kebon Baru 10 Pg.,Tebet,Jakarta Selatan,230,10,-6.232054,106.859016
SDN Tebet Timur 03 Pg.,Tebet,Jakarta Selatan,126,11,-6.23326,106.854752
SDN Tebet Timur 01 Pg.,Tebet,Jakarta Selatan,125,9,-6.23326,106.854752
SDN Kebon Baru 11 Pg.,Tebet,Jakarta Selatan,278,14,-6.234639,106.86335
SDN Tebet Barat 01 Pg.,Tebet,Jakarta Selatan,272,19,-6.237212,106.848244
SDN Tebet Barat 03 Pg.,Tebet,Jakarta Selatan,104,10,-6.237341,106.848343
SDN Menteng Dalam 11 Pg.,Tebet,Jakarta Selatan,281,13,-6.239119,106.84375
SDN Menteng Dalam 05 Pg.,Tebet,Jakarta Selatan,262,11,-6.239169,106.843971
SDN Tebet Timur 11 Pg.,Tebet,Jakarta Selatan,111,8,-6.239218,106.855072
SDN Kebon Baru 03,Tebet,Jakarta Selatan,360,19,-6.24138,106.861038
SDN Tebet Barat 08 Pg.,Tebet,Jakarta Selatan,233,16,-6.241587,106.850067
SDN Manggarai 15 Pg.,Tebet,Jakarta Selatan,184,10,-6.6216,106.855003
SDN Pinangsia 06 Pg.,Taman Sari,Jakarta Barat,224,8,-6.138109,106.815887
SDN Pinangsia 03 Pg.,Taman Sari,Jakarta Barat,374,15,-6.138549,106.814316
SDN Pinangsia 01 Pg.,Taman Sari,Jakarta Barat,519,19,-6.140893,106.816681
SDN Mangga Besar 11 Pg.,Taman Sari,Jakarta Barat,319,12,-6.143318,106.819412
SDN Mangga Besar 15 Pg.,Taman Sari,Jakarta Barat,307,13,-6.145089,106.817474
SDN Mangga Besar 05 Pg.,Taman Sari,Jakarta Barat,146,7,-6.14831,106.817688
SDN Mangga Besar 01 Pg.,Taman Sari,Jakarta Barat,177,10,-6.148378,106.817619
SDN Mangga Besar 03 Pg.,Taman Sari,Jakarta Barat,166,9,-6.148378,106.817619
SDN Mangga Besar 07 Pg.,Taman Sari,Jakarta Barat,181,9,-6.148378,106.817619
SDN Taman Sari 09 Pg.,Taman Sari,Jakarta Barat,177,7,-6.15316,106.824722
SDN Taman Sari 03 Pg.,Taman Sari,Jakarta Barat,186,10,-6.153528,106.824829
SDN Taman Sari 05 Pg.,Taman Sari,Jakarta Barat,181,10,-6.153528,106.824829
SDN Taman Sari 08 Pg.,Taman Sari,Jakarta Barat,229,12,-6.15376,106.824799
SDN Keagungan 02 Pt.,Taman Sari,Jakarta Barat,217,10,-6.15406,106.81321
SDN Keagungan 05 Pg.,Taman Sari,Jakarta Barat,201,9,-6.15406,106.81321
SDN Keagungan 06 Pt.,Taman Sari,Jakarta Barat,201,12,-6.15406,106.81321
SDN Maphar 01 Pg.,Taman Sari,Jakarta Barat,309,16,-6.15406,106.81321
SDN Keagungan 01 Pg.,Taman Sari,Jakarta Barat,224,10,-6.154198,106.813889
SDN Taman Sari 07 Pg.,Taman Sari,Jakarta Barat,230,9,-6.154231,106.824905
SDN Taman Sari 01 Pg.,Taman Sari,Jakarta Barat,193,11,-6.157348,106.825096
SDN Krukut 01 Pg.,Taman Sari,Jakarta Barat,246,15,-6.159769,106.81765
SDN Krukut 03 Pg.,Taman Sari,Jakarta Barat,199,9,-6.159838,106.81765
SDN Keagungan 03 Pg.,Taman Sari,Jakarta Barat,243,13,-6.1744,106.829399
SDN Pekojan 01 Pg.,Tambora,Jakarta Barat,233,11,-6.137478,106.802483
SDN Pekojan 02 Pt.,Tambora,Jakarta Barat,210,10,-6.137478,106.802483
SDN Pekojan 03 Pg.,Tambora,Jakarta Barat,228,10,-6.137478,106.802483
SDN Pekojan 04 Pt.,Tambora,Jakarta Barat,184,6,-6.137478,106.802483
SDN Pekojan 05 Pg.,Tambora,Jakarta Barat,230,10,-6.137478,106.802483
SDN Pekojan 06 Pt.,Tambora,Jakarta Barat,169,11,-6.137478,106.802483
SDN Tambora 01 Pg.,Tambora,Jakarta Barat,302,15,-6.141904,106.808983
SDN Tambora 02 Pt.,Tambora,Jakarta Barat,203,10,-6.141904,106.808983
SDN Tambora 03 Pg.,Tambora,Jakarta Barat,324,14,-6.141904,106.808983
SDN Angke 03 Pg.,Tambora,Jakarta Barat,236,13,-6.143852,106.799545
SDN Angke 01 Pg.,Tambora,Jakarta Barat,470,21,-6.145936,106.798645
SDN Angke 05 Pg.,Tambora,Jakarta Barat,414,21,-6.146259,106.798691
SDN Jembatan Lima 01 Pg.,Tambora,Jakarta Barat,247,11,-6.147278,106.806305
SDN Jembatan Lima 02 Pt.,Tambora,Jakarta Barat,264,10,-6.147425,106.80658
SDN Jembatan Lima 03 Pg.,Tambora,Jakarta Barat,244,12,-6.147425,106.80658
SDN Jembatan Lima 04 Pt.,Tambora,Jakarta Barat,220,9,-6.147425,106.80658
SDN Tanah Sereal 01 Pg.,Tambora,Jakarta Barat,276,10,-6.15012,106.811684
SDN Tanah Sereal 02 Pt.,Tambora,Jakarta Barat,253,8,-6.15012,106.811684
SDN Jembatan Besi 01 Pg.,Tambora,Jakarta Barat,286,8,-6.152465,106.798019
SDN Jembatan Besi 02 Pt.,Tambora,Jakarta Barat,269,10,-6.152465,106.798019
SDN Jembatan Besi 03 Pg.,Tambora,Jakarta Barat,331,15,-6.152465,106.798019
SDN Jembatan Besi 04 Pt.,Tambora,Jakarta Barat,267,10,-6.152465,106.798019
SDN Duri Utara 03 Pg.,Tambora,Jakarta Barat,234,11,-6.153776,106.804008
SDN Duri Utara 04 Pt.,Tambora,Jakarta Barat,238,9,-6.153776,106.804008
SDN Duri Utara 06 Pt.,Tambora,Jakarta Barat,208,10,-6.15406,106.803894
SDN Angke 06 Pg.,Tambora,Jakarta Barat,278,13,-6.15415,106.804176
SDN Duri Utara 05 Pg.,Tambora,Jakarta Barat,249,11,-6.15415,106.804176
SDN Duri Utara 01 Pg.,Tambora,Jakarta Barat,259,10,-6.154179,106.803932
SDN Duri Utara 02 Pt.,Tambora,Jakarta Barat,226,13,-6.154179,106.803932
SDN Tanah Sereal 03 Pg.,Tambora,Jakarta Barat,220,11,-6.154619,106.809769
SDN Tanah Sereal 04 Pt.,Tambora,Jakarta Barat,196,8,-6.154619,106.809769
SDN Kali Anyar 01 Pg.,Tambora,Jakarta Barat,259,15,-6.155688,106.798698
SDN Kali Anyar 02 Pt.,Tambora,Jakarta Barat,264,12,-6.155688,106.798698
SDN Karet Tengsin 21 Pg.,Tanah Abang,Jakarta Pusat,260,16,-6.123821,106.485245
SDN Kampung Bali 01 Pg.,Tanah Abang,Jakarta Pusat,266,16,-6.17943,106.815323
SDN Kampung Bali 03 Pg.,Tanah Abang,Jakarta Pusat,209,11,-6.183443,106.817116
SDN Kampung Bali 07 Pg.,Tanah Abang,Jakarta Pusat,168,9,-6.18596,106.818604
SDN Kebon Kacang 05 Pg.,Tanah Abang,Jakarta Pusat,137,8,-6.188808,106.818893
SDN Petamburan 07 Pg.,Tanah Abang,Jakarta Pusat,313,22,-6.192904,106.808212
SDN Kebon Melati 02 Pg.,Tanah Abang,Jakarta Pusat,352,17,-6.192998,106.814034
SDN Kebon Melati 01 Pg.,Tanah Abang,Jakarta Pusat,289,11,-6.193013,106.813843
SDN Kebon Melati 03 Pg.,Tanah Abang,Jakarta Pusat,268,12,-6.193019,106.81398
SDN Petamburan 05 Pg.,Tanah Abang,Jakarta Pusat,527,24,-6.193114,106.80822
SDN Kebon Kacang 03 Pg.,Tanah Abang,Jakarta Pusat,354,20,-6.193241,106.81543
SDN Kebon Kacang 02 Pt.,Tanah Abang,Jakarta Pusat,166,12,-6.193449,106.81662
SDN Kebon Kacang 01 Pg.,Tanah Abang,Jakarta Pusat,376,16,-6.1935,106.815498
SDN Petamburan 01 Pg.,Tanah Abang,Jakarta Pusat,441,33,-6.19624,106.808167
SDN Petamburan 03 Pg.,Tanah Abang,Jakarta Pusat,581,29,-6.196267,106.807785
SDN Karet Tengsin 01 Pg.,Tanah Abang,Jakarta Pusat,147,9,-6.201973,106.816696
SDN BENDUNGAN HILIR 01.,Tanah Abang,Jakarta Pusat,777,30,-6.203008,106.808548
SDN Karet Tengsin 13 Pg.,Tanah Abang,Jakarta Pusat,484,26,-6.204641,106.815193
SDN Bendungan Hilir 05 Pg.,Tanah Abang,Jakarta Pusat,299,18,-6.206306,106.808113
SDN Bendungan Hilir 09 Pg.,Tanah Abang,Jakarta Pusat,349,18,-6.206399,106.807938
SDN Karet Tengsin 15 Pg.,Tanah Abang,Jakarta Pusat,344,18,-6.208792,106.815773
SDN Bendungan Hilir 12 Pg.,Tanah Abang,Jakarta Pusat,291,17,-6.21464,106.811256
SDN Tanjung Priok 01 Pg.,Tanjung Priok,Jakarta Utara,402,18,-6.11117,106.891342
SDN Kebon Bawang 03 Pg.,Tanjung Priok,Jakarta Utara,299,14,-6.113182,106.888649
SDN Kebon Bawang 07 Pg.,Tanjung Priok,Jakarta Utara,303,11,-6.113902,106.888718
SDN Kebon Bawang 01 Pg.,Tanjung Priok,Jakarta Utara,589,27,-6.114814,106.88623
SDN Kebon Bawang 04 Pt.,Tanjung Priok,Jakarta Utara,287,12,-6.114825,106.886208
SDN Kebon Bawang 08 Pt.,Tanjung Priok,Jakarta Utara,276,17,-6.115435,106.886147
SDN Sunter Jaya 06 Pt.,Tanjung Priok,Jakarta Utara,297,13,-6.115572,106.866913
SDN Sungai Bambu 01 Pg.,Tanjung Priok,Jakarta Utara,632,29,-6.116899,106.883522
SDN Tanjung Priok 02 Pg.,Tanjung Priok,Jakarta Utara,374,20,-6.118569,106.869492
SDN Tanjung Priok 03 Pt.,Tanjung Priok,Jakarta Utara,315,11,-6.118569,106.869492
SDN Sungai Bambu 03,Tanjung Priok,Jakarta Utara,638,23,-6.118665,106.883301
SDN Tanjung Priok 04 Pg.,Tanjung Priok,Jakarta Utara,339,16,-6.120789,106.869156
SDN Tanjung Priok 05 Pt.,Tanjung Priok,Jakarta Utara,382,14,-6.120789,106.869156
SDN Warakas 06 Pt.,Tanjung Priok,Jakarta Utara,275,12,-6.121119,106.871956
SDN Warakas 07 Pg.,Tanjung Priok,Jakarta Utara,603,26,-6.121139,106.871971
SDN Warakas 05 Pg.,Tanjung Priok,Jakarta Utara,297,12,-6.121783,106.87233
SDN Warakas 03 Pg.,Tanjung Priok,Jakarta Utara,306,12,-6.123325,106.872749
SDN Warakas 04 Pt.,Tanjung Priok,Jakarta Utara,338,12,-6.123325,106.872749
SDN Warakas 02 Pt.,Tanjung Priok,Jakarta Utara,404,19,-6.125327,106.879333
SDN Warakas 01 Pg.,Tanjung Priok,Jakarta Utara,449,17,-6.125327,106.879333
SDN Kebon Bawang 05 Pg.,Tanjung Priok,Jakarta Utara,819,38,-6.125969,106.889
SDN Kebon Bawang 09 Pt.,Tanjung Priok,Jakarta Utara,322,16,-6.126093,106.884865
SDN Papanggo 01,Tanjung Priok,Jakarta Utara,779,31,-6.127495,106.877129
SDN Papanggo 03 Pg.,Tanjung Priok,Jakarta Utara,420,14,-6.127505,106.876953
SDN Sunter Jaya 01 Pg.,Tanjung Priok,Jakarta Utara,328,14,-6.127583,106.852226
SDN Sunter Agung 09 Pg.,Tanjung Priok,Jakarta Utara,467,20,-6.127902,106.859062
SDN Sungai Bambu 05 Pg.,Tanjung Priok,Jakarta Utara,606,33,-6.130369,106.886261
SDN Sunter Agung 01,Tanjung Priok,Jakarta Utara,520,22,-6.132715,106.857063
SDN Sunter Agung 13 Pg.,Tanjung Priok,Jakarta Utara,407,18,-6.134379,106.852577
SDN Sunter Agung 11 Pg.,Tanjung Priok,Jakarta Utara,387,13,-6.134439,106.870674
SDN Sunter Agung 05 Pg.,Tanjung Priok,Jakarta Utara,555,20,-6.134749,106.858383
SDN Sunter Agung 12 Pg.,Tanjung Priok,Jakarta Utara,351,17,-6.139619,106.866997
SDN Sunter Agung 03 Pg.,Tanjung Priok,Jakarta Utara,178,21,-6.143824,106.861443
SDN Sunter Agung 07 Pg.,Tanjung Priok,Jakarta Utara,469,19,-6.147349,106.859741
SDN Sunter Jaya 05 Pg.,Tanjung Priok,Jakarta Utara,375,13,-6.150325,106.861275
SDN Sunter Jaya 09 Pg.,Tanjung Priok,Jakarta Utara,430,22,-6.153096,106.880768
SDN Sunter Jaya 02 Pt.,Tanjung Priok,Jakarta Utara,304,11,-6.155686,106.867165
SDN Sunter Jaya 03 Pg.,Tanjung Priok,Jakarta Utara,341,13,-6.15633,106.86718
SDN Sunter Jaya 04 Pt.,Tanjung Priok,Jakarta Utara,277,12,-6.15633,106.86718
SDN Sunter Jaya 07,Tanjung Priok,Jakarta Utara,553,24,-6.160035,106.873978
